model,reference,collapse,deviation,columns,z_mean,z_sd,z_q05,z_q95,rhat_max_fast,rhat_max_default,ess_per_gradient_ratio,ess_per_gradient_ratio_median,gradient_ratio,divergent_fast,divergent_default,max_treedepth_fast,max_treedepth_default,stay_fast,stay_default,flags,fast_vs_reference_flags,fast_vs_reference_max_mean_diff_sd,default_vs_reference_flags,default_vs_reference_max_mean_diff_sd
GLMM1_model,0,0,1,2395,0,0,0,0,1.00774,1.00774,1,1,1,0,0,0,0,0,0,,,,,
M0_model,0,1,1,4,1.31537,1.83445,0.591886,2,1.00273,1.00318,1.0712,1.06245,0.939092,0,0,0,0,8,6,,,,,
Mb_model,0,0,1,1596,0.745295,2.37798,-1.75848,1.5204,1.00222,1.00345,0.822646,0.892957,1.09173,0,0,0,0,1,4,,,,,
Mt_model,0,1,1,7,0.722019,2.26231,-2,-1.52699,1.00211,1.00238,0.954472,0.97457,0.942617,0,0,0,0,4,2,,,,,
Survey_model,0,0,1,950,0,0,0,0,1.00561,1.00561,1,1,1,23,23,0,0,6,6,,,,,
aalto_poisson_hurdle,0,1,1,1002,-2.92281,3.55255,1.63942,-1.94998,1.00342,1.00248,0.918312,1.02513,0.970326,0,0,0,0,0,0,,,,,
aalto_poisson_simple,0,1,0,1001,2.74462,-2.87299,0.0794428,-0.0799094,1.00245,1.00277,1.02773,1.02773,0.953475,0,0,0,0,0,0,,,,,
accel_gp,1,0,0,72,2.43375,-3.46414,2.14464,-2.96587,1.00367,1.0031,1.01531,1.03391,0.699272,96,25,821,2690,5,1,divergent treedepth,,0.0678147,,0.0692813
arK,1,1,0,7,2.07622,1.28224,-1.03035,1.03175,1.00408,1.0024,0.878927,0.973117,0.946817,0,0,0,0,1,0,,,0.0290749,,0.0393721
arma11,1,0,0,4,0.98925,-2.51984,1.52059,-1.32172,1.00263,1.00224,1.11553,1.13406,0.939824,0,0,0,0,42,26,,,0.0362945,,0.020578
blr,1,1,0,6,1.09213,1.23426,-1.62819,-1.02625,1.00602,1.00575,0.815627,1.00936,1.11681,0,0,0,0,15,30,,,0.0765784,,0.0237659
ch09_m5_8s,0,1,0,4,1.53517,-0.885237,1.7855,-0.657225,1.00301,1.00305,1.26448,1.16673,0.979633,0,0,1769,1957,7,8,treedepth,,,,
ch09_m5_8s2,0,1,0,4,1.36985,1.55519,-1.0711,1.25622,1.06691,1.03129,0.284582,0.719185,0.91686,257,220,563,597,38,39,,,,,
ch09_m9_1,0,1,0,5,-1.17803,1.6866,-2.77119,1.12323,1.00041,1.0019,0.90472,0.946796,0.96661,0,0,0,0,22,28,,,,,
ch09_m9_1_chains4,0,1,0,5,-1.17803,1.6866,-2.77119,1.12323,1.00041,1.0019,0.90472,0.946796,0.96661,0,0,0,0,22,28,,,,,
ch09_m9_4,0,1,0,3,-1.0978,2.06796,-2.46413,2.25471,1.85252,1.51187,0.769504,0.769498,1.00262,0,0,3247,3252,22,15,,,,,
ch09_m9_5,0,1,0,3,0.614996,0.285056,0.695098,1.2262,1.00499,1.00528,1.07213,1.07187,1.03665,0,0,0,0,16,24,,,,,
ch11_m11_4,0,1,0,1019,2.5143,-1.85328,1.90659,-1.94027,1.00241,1.00498,1.01246,1.04858,1.00087,0,0,0,0,8,15,,,,,
ch11_m11_5,0,1,0,1019,2.60611,3.48618,-2.54638,2.56886,1.00397,1.00551,0.893024,1.06545,0.989192,0,0,0,0,1,3,,,,,
ch11_m_pois,0,1,0,2,-1.07808,0.648146,-0.926239,0.844869,1.0009,1.00145,0.725993,0.728169,1.08881,0,0,0,0,70,80,,,,,
ch12_m12_3,0,1,1,2,-1.08021,0.352869,-0.106633,-0.195421,1.0068,1.00404,0.88109,0.866343,1.0549,0,0,0,0,41,64,,,,,
ch12_m12_3_alt,0,1,1,2,-1.02442,1.00187,-1.62561,-0.987582,1.00185,1.00447,1.10211,1.08564,0.942596,0,0,0,0,92,69,,,,,
ch12_m12_4,0,1,1,6,-0.870602,-0.991031,-1.50606,0.922674,1.00072,1.0023,1.17161,1.05327,0.967915,0,0,0,0,6,2,,,,,
ch12_m12_5,0,1,1,11,-0.908948,1.62001,-1.2111,1.7423,1.0016,1.00388,0.812841,0.847897,1.11048,0,0,0,0,0,0,,,,,
ch12_m12_6,0,1,0,17,1.81719,-1.42179,2.18632,1.4671,1.00143,1.00265,0.814077,0.930664,0.860664,0,0,0,0,0,0,,,,,
ch12_m12_7,0,1,1,10,0.91581,0.985636,1.11494,2.15016,1.00354,1.00132,1.04751,1.07381,1.05569,0,0,0,0,0,1,,,,,
ch13_m13_4,0,1,0,1028,1.95782,3.12299,-2.73725,3.11566,1.00694,1.01945,1.48634,1.06446,1.32021,22,31,0,0,64,176,rhat stay,,,,
ch13_m13_4b,0,1,0,20,1.90634,3.12299,-1.92274,3.11566,1.00694,1.01945,1.48634,0.734865,1.32021,22,31,0,0,64,176,rhat stay,,,,
ch13_m13_4nc,0,1,0,33,-2.41209,-2.31801,2.39705,-1.93816,1.0026,1.00496,0.772958,1.02895,0.994506,0,0,0,0,0,0,,,,,
ch13_m13_5,0,1,0,1021,-2.75425,-2.35826,-4.50006,4.49036,1.00398,1.00337,0.974563,1.31808,0.894479,0,0,0,0,5,4,,,,,
ch13_m13_6,0,1,0,1029,-3.53538,2.55712,2.75289,2.83505,1.00837,1.00784,1.26396,0.997738,0.9458,33,29,0,0,121,144,,,,,
ch14_m14_1,0,1,0,47,-2.59748,2.34154,-2.36674,-2.61402,1.00222,1.00248,1.22363,1.00015,0.997231,0,0,0,0,2,0,,,,,
ch14_m14_11,0,0,1,5,1.92692,-1.87282,1.75144,-1.36169,1.00139,1.00184,0.976625,1.04264,0.984855,0,0,0,0,16,20,,,,,
ch14_m14_2,0,1,0,88,2.00853,-3.26373,2.55131,5.90248,1.0368,1.01803,0.704685,0.829976,0.728071,197,90,0,0,274,161,divergent q95 stay,,,,
ch14_m14_3,0,1,0,1166,2.69969,3.32581,-2.66483,2.82756,1.00346,1.00516,1.09143,0.97937,0.993712,0,0,0,0,2,3,,,,,
ch14_m14_4,0,1,0,3,-2.64602,-1.50603,-2.21113,-1.06359,1.00134,1.00105,0.945896,1.06272,0.96998,0,0,0,0,51,34,,,,,
ch14_m14_4x,0,1,0,3,-2.64602,-1.50603,-2.21113,-1.06359,1.00134,1.00105,0.945896,1.06272,0.96998,0,0,0,0,51,34,,,,,
ch14_m14_5,0,1,0,4,-0.261668,1.82152,-1.79695,2.25887,1.0016,1.00092,0.99619,0.935735,1.03905,0,0,0,0,22,42,,,,,
ch15_m15_6,0,1,0,6,2.75174,1.12906,1.87665,-0.682191,1.00349,1.00217,1.23985,1.07199,0.976737,0,0,0,0,16,9,,,,,
ch15_m15_8,0,1,0,3,-1.03977,1.40386,-0.562389,-1.64427,1.0013,1.0016,1.01153,1.08141,0.952548,0,0,0,0,35,20,,,,,
ch15_m15_9,0,1,0,303,-1.45008,-1.59784,3.06548,-2.90387,1.0018,1.00316,0.907233,0.992947,1.06141,0,0,0,0,22,51,stay,,,,
ch16_m16_1,0,1,0,3,-1.9658,0.886943,1.64444,-1.54031,1.00838,1.00602,0.811579,0.814619,1.02623,0,0,0,0,17,32,,,,,
cm_betadiscrete,0,1,0,8,1.00352,-1.0187,0.966196,-1.5166,1.00165,1.00062,1.06017,0.892747,1.02931,0,0,0,0,29,33,,,,,
diamonds,1,1,0,27,-1.61541,1.9887,2.66525,2.33517,1.00418,1.00784,1.04345,0.93201,0.992402,0,0,3120,3197,0,0,,,0.0350185,,0.0527572
dogs,0,1,0,753,2.27757,-1.30941,3.6726,-3.19654,1.00465,1.00306,1.00785,0.977456,1.00787,0,0,0,0,19,23,,,,,
dogs_hierarchical,0,1,0,722,3.58985,3.5412,-1.01689,0.752623,1.00347,1.0027,0.92162,0.965124,1.04135,0,0,0,0,0,0,,,,,
dogs_log,0,1,0,722,-1.86517,1.5399,-2.84945,1.67468,1.00364,1.00304,0.948309,0.857409,1.13009,186,170,0,0,73,102,,,,,
earn_height,1,1,0,3,2.32223,-0.253188,1.10415,1.16814,1.00238,1.00346,1.16511,1.17905,1.01274,0,0,0,0,21,24,,,0.0118858,,0.0740788
eight_schools_centered,1,0,0,10,0,0,0,0,1.06748,1.06748,1,1,1,125,125,0,0,697,697,,q05,0.0932544,q05,0.0932544
eight_schools_noncentered,1,0,0,18,-1.98782,2.90596,-2.5318,2.47589,1.00211,1.00416,1.15366,1.20267,0.805516,0,0,0,0,53,47,,,0.0321751,,0.0437357
election88_full,0,1,1,11656,-3.82179,3.09799,-3.06806,3.53813,1.01008,1.01269,2.47961,1.49995,0.644582,5,5,2,32,0,0,treedepth,,,,
garch11,1,0,0,4,-1.82864,-1.04046,1.64461,-0.914174,1.00309,1.0014,0.962238,0.942532,1.02939,0,0,0,0,23,26,,,0.0056855,,0.0496101
gp_pois_regr,1,0,0,24,0,0,0,0,1.00411,1.00411,1,1,1,8,8,0,0,2,2,,,0.0527125,,0.0527125
gp_regr,1,0,0,3,0,0,0,0,1.00124,1.00124,1,1,1,0,0,0,0,40,40,,,0.0295383,,0.0295383
gpcm_latent_reg_irt,0,0,1,550,3.33622,-3.67073,3.03271,-4.00255,1.00783,1.0066,0.928867,0.93808,1.00026,0,0,0,0,0,0,,,,,
grsm_latent_reg_irt,0,0,1,418,3.31977,-2.80062,3.33429,-2.98605,1.0064,1.00696,1.00352,0.901283,0.964473,0,0,0,0,0,0,,,,,
hmm_drive_0,1,0,0,91,1.47767,-10.1085,-3.50012,-2.17872,1.02807,2.60818,29.3776,42.5841,0.977092,0,232,0,0,9,330,divergent sd stay,,0.0378396,q05 sd,0.40034
hmm_drive_1,1,0,0,14,1.5241,-2.8192,2.90139,-2.12419,1.00143,1.00198,1.16759,1.26625,0.990838,0,0,0,0,12,11,,sd,0.0232047,,0.033733
hmm_example,1,0,0,11,1.82394,-2.71262,2.01183,-1.97641,1.00212,1.00114,0.842713,0.947199,1.05254,0,0,0,0,8,10,,,0.0120415,,0.0362961
i319_pois_fixed,0,1,0,7,-1.00907,-1.72361,1.57104,-1.50957,1.00202,1.0034,0.940064,0.953245,0.997073,0,0,0,0,5,7,,,,,
i319_pois_re,0,1,0,126,1.9876,-2.81625,3.06718,1.90232,1.01076,1.01134,1.13764,1.03146,0.959326,0,0,0,0,0,0,,,,,
i320_pois_trunc_both,0,1,0,6,-1.26726,0.855367,-1.39852,1.16791,1.00291,1.00227,1.01692,0.844144,0.991941,0,0,0,0,16,16,,,,,
i320_pois_trunc_ub,0,1,0,6,-1.26726,0.855367,-1.39852,1.16791,1.00291,1.00227,1.01692,0.844144,0.991941,0,0,0,0,16,16,,,,,
i320_sratio_plain,0,1,0,10,-2.08907,-1.81385,1.33226,-1.45203,1.00143,1.00076,1.04913,1.06283,0.978512,0,0,0,0,9,11,,,,,
kidscore_interaction,1,1,0,5,-0.494968,2.40831,-1.82509,2.12526,1.00575,1.0056,0.849747,0.890423,0.953122,0,0,0,0,5,5,,,0.0608966,,0.0727915
kidscore_interaction_c,1,1,0,5,-1.09873,1.80345,1.79733,1.73931,1.00087,1.00699,1.07036,1.03838,0.970621,0,0,0,0,14,22,,,0.018389,,0.0360546
kidscore_interaction_c2,1,1,0,5,-2.23048,-2.12618,-2.52974,-2.54423,1.00216,1.00114,1.01628,1.06338,1.01556,0,0,0,0,16,17,,,0.0460114,,0.0372202
kidscore_interaction_z,1,1,0,5,0.989735,-1.07501,1.02831,-0.455887,1.00211,1.00116,0.878107,0.953716,0.927913,0,0,0,0,34,16,,,0.0244556,,0.024693
kidscore_mom_work,1,1,0,5,-1.5048,1.75617,-2.49466,1.01379,1.00855,1.00465,1.06058,1.12353,1.07673,0,0,0,0,8,13,,,0.0464521,,0.0356862
kidscore_momhs,1,1,0,3,1.29437,1.29761,0.284177,1.47602,1.00357,1.00255,0.974978,0.977462,0.983855,0,0,0,0,36,41,,,0.031725,,0.0251016
kidscore_momhsiq,1,1,0,4,1.70922,-1.46445,-1.33296,-1.81127,1.00235,1.00288,1.06431,1.01364,0.963892,0,0,0,0,7,12,,,0.0181418,,0.0309608
kidscore_momiq,1,1,0,3,-0.123565,0.793316,-0.263982,0.196228,1.00152,1.00374,0.943106,0.945988,1.02048,0,0,0,0,18,16,,,0.0399161,,0.0450201
kilpisjarvi,1,1,0,3,-0.811743,-1.44243,1.06504,-1.04076,1.00524,1.00381,0.995047,0.994753,1.09843,0,0,1299,913,14,17,treedepth,,0.0229866,,0.0463098
ldaK2,0,0,1,12,0,0,0,0,2.41225,2.41225,1,1,1,0,0,0,0,2,2,,,,,
log10earn_height,1,1,0,3,0.316649,-1.33731,0.852778,-0.613445,1.00687,1.00199,1.00666,1.01244,0.970526,0,0,0,0,18,17,,,0.0234913,,0.0330459
logearn_height,1,1,0,3,0.670548,0.519605,-1.33772,-0.364289,1.004,1.00523,0.797054,0.798224,0.910793,0,0,0,0,12,19,,,0.00725222,,0.026637
logearn_height_male,1,1,0,4,-0.494257,-0.818734,1.35279,-1.22721,1.00203,1.00394,1.12486,1.11576,0.905336,0,0,0,0,8,6,,,0.0170286,,0.0117789
logearn_interaction,1,1,0,5,1.5219,1.66782,-2.58582,2.30532,1.00525,1.005,1.03289,0.972842,1.04268,0,0,0,0,3,3,,,0.0371437,,0.0329108
logearn_interaction_z,1,1,0,5,1.43015,1.75025,-1.97242,1.21634,1.00276,1.00137,1.02946,1.02905,1.05766,0,0,0,0,7,7,,,0.0501921,,0.0190256
logearn_logheight_male,1,1,0,4,-0.501711,1.01303,-1.77731,-0.753647,1.00982,1.00382,1.18557,1.34149,0.966448,0,0,4,14,7,3,,,0.0136876,,0.0357438
logmesquite,1,1,0,8,0.550698,2.27909,1.66314,1.87961,1.00356,1.00256,0.852027,0.817456,1.04392,0,0,0,0,1,1,,,0.032762,,0.0431211
logmesquite_logva,1,1,0,5,-1.04472,-1.66431,2.00522,-2.65228,1.00562,1.00548,0.837583,1.09127,1.01428,0,0,0,0,1,5,,,0.017668,,0.0298305
logmesquite_logvas,1,1,0,8,1.39044,2.30288,-2.14563,2.56044,1.00437,1.00331,0.788628,0.839066,1.08906,0,0,0,0,1,1,,,0.0188419,,0.0409746
logmesquite_logvash,1,1,0,7,-1.119,-1.07288,1.43247,-1.47451,1.00363,1.00625,1.38498,1.20279,1.04106,0,0,0,0,0,1,,,0.0310345,,0.0629138
logmesquite_logvolume,1,1,0,3,1.03474,2.3631,-1.835,1.76949,1.0015,1.00079,1.11336,1.1129,0.919676,0,0,0,0,44,28,,,0.0355966,,0.0211549
lotka_volterra,1,0,0,90,2.28487,-2.83741,2.19851,-3.82341,1.00895,1.00301,0.839841,0.919777,1.08709,0,0,0,0,0,0,,,0.0234095,,0.0359871
low_dim_gauss_mix,1,0,0,5,0,0,0,0,1.00098,1.00098,1,1,1,0,0,0,0,24,24,,,0.0266233,,0.0266233
mesquite,1,1,0,8,0.949083,1.54213,-1.21687,1.45634,1.00248,1.00244,1.09707,1.05258,0.888862,0,0,0,0,1,0,,q05,0.05181,,0.0446018
nes,1,1,0,10,-1.68246,2.79511,-2.20966,1.07841,1.00242,1.00211,0.933878,0.992997,0.882934,0,0,0,0,0,0,,,0.0397898,,0.0384482
nes_logit_model,0,1,0,2,1.81,-1.39985,1.61028,-1.15555,1.00708,1.00469,1.00969,1.00726,1.06835,0,0,0,0,50,56,,,,,
normal_mixture_k,0,0,1,15,1.32104,-1.83516,6.01252,-1.10237,1.57453,1.83297,1.24589,4.0597,0.810225,1,0,0,81,0,4,q05 treedepth,,,,
one_comp_mm_elim_abs,1,0,0,44,0,0,0,0,1.00552,1.00552,1,1,1,9,9,0,0,0,0,,sd,0.0576164,sd,0.0576164
radon_county,0,1,0,389,3.128,3.51927,-3.41808,-3.33549,1.00844,1.01102,1.15114,0.977828,1,0,0,0,0,0,0,rhat,,,,
radon_county_intercept,0,1,1,388,3.29913,-3.20235,2.77047,2.76515,1.00688,1.00739,1.22409,1.16441,1.00027,0,0,0,0,1,0,,,,,
radon_hierarchical_intercept_centered,0,1,1,391,2.62628,-3.13548,3.54333,-2.90592,1.02228,1.01122,0.340714,0.91582,0.874061,0,0,0,0,0,0,,,,,
radon_hierarchical_intercept_noncentered,0,1,1,777,-3.4766,3.22276,-3.64148,-3.2249,1.00818,1.0078,1.09136,1.06158,1,0,0,0,0,0,0,,,,,
radon_partially_pooled_centered,0,1,1,389,2.81998,-3.26592,-3.78345,-3.08838,1.00843,1.00708,1.1085,1.06547,1,0,0,0,0,0,0,,,,,
radon_partially_pooled_noncentered,0,1,1,775,-3.21826,3.14536,3.37084,-3.45511,1.01575,1.00969,1.15106,1.14614,0.99734,0,0,0,0,1,0,rhat,,,,
radon_pooled,0,1,1,3,0.523487,-0.659511,1.85461,-0.448496,1.00151,1.00087,1.00863,1.03056,1.00409,0,0,0,0,25,28,,,,,
radon_variable_intercept_centered,0,1,1,390,-3.26017,3.49139,-3.49559,3.71473,1.00752,1.00715,1.11262,1.00521,1,0,0,0,0,0,0,,,,,
radon_variable_intercept_noncentered,0,1,1,776,3.27125,2.8756,-3.061,3.43497,1.00511,1.00625,1.17631,1.00256,0.884444,0,0,0,0,1,1,,,,,
radon_variable_intercept_slope_centered,0,1,1,777,-3.58319,-3.30994,3.4254,3.48512,1.00636,1.005,1.1163,0.988674,1.00453,0,0,0,0,0,0,,,,,
radon_variable_intercept_slope_noncentered,0,1,1,1549,-2.90395,3.41113,-3.55629,3.36779,1.01854,1.00995,1.08834,1.27014,0.968024,0,0,0,0,0,0,rhat,,,,
radon_variable_slope_centered,0,1,1,390,3.59064,-2.67328,3.03607,2.9828,1.00741,1.01019,1.04897,1.01823,1,0,0,0,0,0,0,rhat,,,,
radon_variable_slope_noncentered,0,1,1,776,-3.16286,-3.28499,4.10515,-3.37611,1.00919,1.00702,0.742789,0.89354,1.0009,0,0,0,0,0,0,,,,,
s2_cens_interval,0,1,0,5,-1.90175,2.72821,-1.15522,1.77065,1.00103,1.00092,1.11506,0.983199,0.965328,0,0,0,0,23,15,,,,,
s2_custom_vreal,0,1,0,5,2.1208,-1.06184,1.61317,-1.22623,1.00068,1.00135,1.26168,1.21328,0.824122,0,0,0,0,97,26,stay,,,,
s2_mi_lognormal,0,1,0,12,-1.21605,1.84567,-1.29166,2.23684,1.00185,1.00179,0.930037,0.929711,1.00132,0,0,0,0,5,8,,,,,
s2_mi_trunc_lb,0,1,0,12,-1.15193,1.18979,-1.33477,-1.8939,1.00595,1.0031,0.814676,0.698972,1.09204,7,6,0,0,31,10,stay,,,,
s2_mv_subset,0,1,0,9,0.944613,-1.98758,1.47421,-1.97217,1.0033,1.00571,1.14516,0.999098,0.970895,0,0,0,0,14,10,,,,,
s2_threading,0,1,0,6,-0.446158,-1.31044,-2.01103,1.55885,1.00156,1.00116,1.00294,1.04322,0.996534,0,0,0,0,28,10,,,,,
sesame_one_pred_a,0,1,0,3,0.546642,-2.25653,1.80662,-1.6825,1.00116,1.00101,0.746474,0.773912,1.12919,0,0,0,0,24,54,stay,,,,
soil_incubation,0,0,1,31,1.15489,2.14226,-2.06393,1.88246,1.04402,1.04352,0.866158,0.975021,1.1743,277,291,0,0,140,190,,,,,
sw_cratio,0,1,0,8,-2.29869,1.53228,-1.40403,1.74191,1.0026,1.00101,0.877339,0.954617,1.01138,0,0,0,0,34,34,,,,,
sw_gaussian,0,1,0,6,-2.56523,-1.31441,1.77437,-1.94764,1.00146,1.00174,0.946257,1.0544,1.07297,0,0,0,0,21,26,,,,,
sw_lognormal,0,1,0,5,2.4264,-1.54306,1.54145,-2.3728,1.0024,1.00052,0.915221,0.976463,1.08781,0,0,0,0,13,32,,,,,
sw_mi,0,1,0,12,-1.81804,1.83134,-1.5469,3.06881,1.00178,1.00283,0.903175,0.972251,1.03543,0,0,0,0,7,14,,,,,
sw_mono,0,1,0,8,-0.929374,0.950802,-1.38926,-1.5853,1.00169,1.00122,0.869423,1.0205,1.03518,0,0,0,0,12,5,,,,,
sw_mv_norescor,0,1,0,9,1.60062,-1.59691,1.65143,-0.824564,1.00259,1.00424,0.971134,1.08274,1.00942,0,0,0,0,16,12,,,,,
sw_sratio,0,1,0,8,-2.29869,1.53228,-1.40403,1.74191,1.0026,1.00101,0.877339,0.954617,1.01138,0,0,0,0,34,34,,,,,
