model	params	stanli_prep_s	stanli_ns_grad	stanli_sample_s	stanli_grads	cmdstan_build_s	cmdstan_ns_grad	cmdstan_sample_s	stanli_ns_grad_mad	cmdstan_ns_grad_mad	paired_speedup	paired_speedup_mad	paired_rounds	run_id	note
aalto_bern	1	0.00033310450000000004	81.9010588467776	0.01216977099999994		2.5809332079999994	116.19706587357955	0.014282811999999367	3.901728951703504	0.7060329146939992	1.4238252003555816	0.06404325148233536	6	fd5e0ecacddc7047	""
aalto_binom	1	0.00023662500000000002	79.82886336685775	0.011195020499998876		2.370442500000003	110.70686852618661	0.013568249999998727	2.8083210433458206	2.743378080337685	1.3743954450416536	0.06348734028696734	6	fd5e0ecacddc7047	""
aalto_binom2	2	0.0002989585	134.4833634974263	0.012548166500003788		2.4950392080000015	177.82480426167334	0.016088604000000117	2.6629398074285433	3.707338968912751	1.3369088041194472	0.051919274497233214	6	fd5e0ecacddc7047	""
aalto_binomb	1	0.00022410399999999998	61.55811519007529	0.01105058350000121		2.395992083000003	83.17833361418352	0.012238749499999813	1.6454808477714344	0.9388818673967236	1.403808953760764	0.04842194933312416	6	fd5e0ecacddc7047	""
aalto_gpareto	2	0.0013732915	386.49179763496323	0.026536833500003354		2.8670181250000013	261.4347669813368	0.024913561999994727	7.933326742390705	6.6395967959202835	0.690438591715502	0.022014863268628615	6	fd5e0ecacddc7047	""
aalto_grp_aov	4	0.0002959375	238.0987502062848	0.018349562000004482		3.090145750000005	383.89504144229045	0.024396291500003997	5.310511006828477	7.7111575262364624	1.5880441398173186	0.01978744845450675	6	fd5e0ecacddc7047	""
aalto_grp_prior_mean	6	0.0003709585	314.9865031589403	0.02763385400000118		3.159749542	499.04047885470925	0.035869478999998705	5.040262043245434	27.14016640711867	1.56329892138714	0.04812362734956177	6	fd5e0ecacddc7047	""
aalto_grp_prior_mean_var	10	0.000393021	573.0505490807286	0.06081735450000281		3.9029979170000075	874.9394047926553	0.10329222950000627	8.825155558914105	16.845583507218635	1.5176601357297934	0.029437013113599808	6	fd5e0ecacddc7047	""
aalto_lin	3	0.000412979	193.2313477121341	0.02223977149999712		3.076759083000013	324.3124867836178	0.029994416500002785	4.733209891110633	9.428091284952757	1.6861329707890755	0.06539090956421578	6	fd5e0ecacddc7047	""
aalto_lin_std	3	0.0004693545	182.7638696388264	0.01971466700000235		3.3083673330000067	323.1107248780589	0.025936687499992672	3.1161905323488384	2.2559023270537466	1.7640860793161315	0.024840113291803356	6	fd5e0ecacddc7047	""
aalto_lin_std_t	4	0.0004758755	259.4388609277097	0.022787166499995237		3.486126958	403.6958623376197	0.030069271000002118	6.998103909266646	7.527574348438407	1.5762199153110952	0.02333441991370433	6	fd5e0ecacddc7047	""
aalto_poisson_hurdle	2	0.0221122705	2188.094919734056	0.6002674375000083		2.9168510830000116	58565.18802997076	0.8266753129999955	47.675428851299785	1988.1573021618497	26.957998919350253	0.7953693350293456	6	fd5e0ecacddc7047	""
aalto_poisson_simple	1	0.0020600419999999998	878.7937473168878	0.08728204150000352		2.649400541999995	895.0876945996806	0.16954602150001108	26.85168405707566	23.912937614834675	1.0302798494774654	0.025652030491423283	6	fd5e0ecacddc7047	""
ch09_m5_8s	4	0.0003706665	580.8263577216098	1.2220506045000121		2.8375720829999977	2192.7671065010322	3.5326479579999983	14.459265518322468	79.62994339417833	3.810209016990859	0.04220079574321489	6	fd5e0ecacddc7047	""
ch09_m5_8s2	4	0.0003773955	600.3613194423585	0.8614161254999999		2.840692082999965	2238.043227108635	2.594084625000022	17.692253625822957	86.20678166914149	3.737650212089585	0.09417527248371127	6	fd5e0ecacddc7047	""
ch09_m9_1	5	0.000442771	1020.273866233929	0.029396916499962344		3.064071542000022	2466.8873550944036	0.053485979000015504	35.881168987045896	95.24081780527922	2.4145284092762096	0.06884962581409093	6	fd5e0ecacddc7047	""
ch09_m9_1_chains4	5	0.000399625	1015.3283286018477	0.029328562500012367		3.0503894999999943	2468.51450527183	0.05401645850000136	15.35622440559655	93.13725533071192	2.4618021237371113	0.0428171883282662	6	fd5e0ecacddc7047	""
ch09_m9_2	2	0.00025825	110.62143909246329	0.016898249999997006		2.4945200829999976	159.8644882072329	0.023846583499988583	0.8960210885693343	3.1549604774448596	1.4502793703165735	0.03819671948735337	6	fd5e0ecacddc7047	""
ch09_m9_3	2	0.000240875	111.55596047716068	0.01347435400001018		2.497753416000023	159.5751668573928	0.018156437000016012	1.6208952968830275	4.083653618975845	1.4146739079130435	0.025311107216402062	6	fd5e0ecacddc7047	""
ch09_m9_4	3	0.00029975	246.8173321139428	0.9773633539999764		2.5265164589999927	323.96979166438837	1.4135058960000038	2.175107715637708	4.947931519327341	1.3004598735063175	0.02421924682668186	6	fd5e0ecacddc7047	""
ch09_m9_5	3	0.00027012499999999997	250.25304921163047	0.259085666499999		2.557668041999989	311.2516310959344	0.36521158350001315	4.875359965751116	8.238797955840909	1.28346975851391	0.026614039194571837	6	fd5e0ecacddc7047	""
ch09_mp	2	0.000226813	38.90649123524281	0.021535270499981607		2.302611041000034	76.74079519300605	0.06717410399997448	0.7684366141152204	1.3152487986037542	2.0105474284137808	0.0347474974902825	6	fd5e0ecacddc7047	""
ch11_m11_10	4	0.000607083	354.15746591461436	0.021025750000006838		3.224576250000041	540.2781115831897	0.028687499499966407	7.621036248805723	12.428746208199016	1.5442623323388736	0.034547574135135095	6	fd5e0ecacddc7047	""
ch11_m11_11	5	0.0005575210000000001	426.38614031503437	0.1350422920000085		3.5627483750000124	710.4216309584178	0.21898768699998072	4.756477310324897	22.269197516035717	1.6753930532988905	0.06162734346925647	6	fd5e0ecacddc7047	""
ch11_m11_4	11	0.006561187499999999	6585.023211746903	0.2254061459999832		3.012947166999993	11566.906111316568	0.4073274375000153	146.45631928167495	317.26775578431807	1.7572969901344824	0.04861157388541071	6	fd5e0ecacddc7047	""
ch11_m11_5	11	0.0077886255	6770.596070636534	0.31225047949999407		3.0782613330000004	14461.765688402098	0.659094833499978	162.99083415881614	185.21670432178234	2.139134312971536	0.04751418639629579	6	fd5e0ecacddc7047	""
ch11_m11_6	11	0.000815958	743.9309082663084	0.037592812499980255		3.0106081669999867	944.2119939718062	0.05331079149999596	26.65698500483603	28.711665038804824	1.2992955505565367	0.03257680407984642	6	fd5e0ecacddc7047	""
ch11_m11_7	2	0.0003264165	286.69593906708053	0.014412624499982485		2.846601667000016	390.54316895165175	0.018305416499970306	2.9659591607141067	5.448622267249618	1.362988452866693	0.02600775547960632	6	fd5e0ecacddc7047	""
ch11_m11_8	8	0.000481083	453.8382376117388	0.05135870799995246		2.927005333000011	596.7074466768827	0.07767199949995529	12.081064585216154	17.09530729844232	1.3300378382051876	0.027221166399628682	6	fd5e0ecacddc7047	""
ch11_m11_9	1	0.0003185	51.20738036972831	0.011948312500010161		2.5893835000000536	80.48094913190626	0.015037062499970943	0.7835624172543554	1.6900039587069244	1.5379692073735565	0.05434346371820287	6	fd5e0ecacddc7047	""
ch11_m_pois	2	0.000284521	103.51691629217949	0.012517145999993318		2.51402362500005	133.68176232286302	0.01431914550005331	2.308445875042935	2.9497468906978668	1.318394756702796	0.042885547059407836	6	fd5e0ecacddc7047	""
ch12_m12_1	3	0.0004291045	1154.1861291287937	0.030517645500026447		3.1778009580000344	1498.6218953119705	0.0391791250000324	34.38604850204263	31.086680191862456	1.2894035213056707	0.014658857563028649	6	fd5e0ecacddc7047	""
ch12_m12_2	6	0.0006111455	928.6159770587722	0.10714979149997816		3.969234375000042	1187.2768083493506	0.1510551869999972	39.65439775086918	18.520488730297643	1.2850920866127367	0.03994637102430687	6	fd5e0ecacddc7047	""
ch12_m12_3	2	0.0023693335	1070.5527666053413	0.02726520799996024		2.4843638749999855	18536.08059683923	0.2529553125000348	27.76694695278684	140.55139387238523	17.19753151516043	0.4317195398070144	6	fd5e0ecacddc7047	""
ch12_m12_3_alt	2	0.002849833	3083.9627221216133	0.055938520499978495		2.4891819999999143	17833.16146206284	0.24716481250004563	40.16809504582329	205.79450711918798	5.640112218755956	0.18044943959999005	6	fd5e0ecacddc7047	""
ch12_m12_4	6	0.0115169795	24921.481375473675	0.5859831459999896		3.179856749999999	2813957.577651515	86.06298785400003	335.8716086125187	58921.176552613964	111.92713688683195	2.990083357393324	6	fd5e0ecacddc7047	""
ch12_m12_5	11	0.07966354149999999	2784188.33152241	102.39697933299988		3.5589827499999274	3260278.1363636367	161.35378850050006	31221.78781331028	50011.98903508787	1.1649744874379695	0.012457451034116662	6	fd5e0ecacddc7047	""
ch12_m12_6	16	0.10688537549999999	3049818.9302086392	332.29350847950013		4.274107000000001	3441043.810255461	482.5130093749999	20527.164560681675	45471.74268789333	1.1262079195510606	0.011464849383965303	6	fd5e0ecacddc7047	""
ch12_m12_7	10	0.0661307085	2733549.0547696985	132.9193103545001		3.497305082999901	3218900.8565400844	213.24562583350007	55684.34160756506	66727.76547995792	1.1944689676988505	0.010669536559728465	6	fd5e0ecacddc7047	""
ch13_m13_1	48	0.001040375	972.4684612940227	0.050330145500083745		2.970957333000115	1188.317563293033	0.0750573124996663	5.998023715415002	42.51570435783094	1.2153637632877916	0.04961088660543067	6	fd5e0ecacddc7047	""
ch13_m13_2	50	0.0010668335	1076.5018619331272	0.05859093699973528		3.1581355830003304	1336.1414495724216	0.08742889549967003	17.649149719600018	27.980336212441216	1.23771713242647	0.0170288371697207	6	fd5e0ecacddc7047	""
ch13_m13_3	62	0.000670729	1232.2785360995517	0.0729217704997609		3.002316291999705	1614.0647954270007	0.08180862499966679	4.80823487418661	36.29591157308096	1.2974235286479403	0.032539437422739015	6	fd5e0ecacddc7047	""
ch13_m13_4	20	0.007374667	8623.197961545178	0.4901417505002428		3.481125749999592	14586.916462998552	0.7885916045001977	279.9629027656374	267.439421372138	1.7155471731476344	0.028890509202622816	6	fd5e0ecacddc7047	""
ch13_m13_4b	20	0.0036525000000000004	8765.02034839527	0.42139058300017496		3.340559000000212	15056.638293865606	0.6200395420000859	223.92697426871655	131.7694529370492	1.7058377368875093	0.03464836189371234	6	fd5e0ecacddc7047	""
ch13_m13_4nc	20	0.004262729	9098.610460815971	0.780982541999947		3.317871833999561	24297.6823318045	2.043807124999603	120.13259312481114	247.07271655099612	2.678416609617609	0.06959864858896125	6	fd5e0ecacddc7047	""
ch13_m13_5	13	0.0066888955	7028.849581272481	0.26041139600010865		3.549298416000056	12352.711118180778	0.46696866649972435	63.905321153597015	55.84460201987713	1.7574297302626003	0.009809707246173693	6	fd5e0ecacddc7047	""
ch13_m13_6	21	0.01112725	9342.485498547507	0.7928011040003184		4.874241374999656	15957.826537093497	1.7374920830002338	170.6543763556865	124.09914756979379	1.706758438020934	0.05633621797952859	6	fd5e0ecacddc7047	""
ch13_m13_7	2	0.00037118700000000004	55.868459941121515	0.02786918749961842		3.7578750409993518	121.40477075375344	0.03667383349966258	2.477569451776155	3.7208577546088364	2.1941418449648817	0.08977895134319613	6	fd5e0ecacddc7047	""
ch13_m13_7nc	2	0.000480083	43.619123071991496	0.018579500000214466		3.811794958000064	91.88153870342768	0.023715582999557228	1.55782617841448	3.1414846505818446	2.0820411771404608	0.07718081482426475	6	fd5e0ecacddc7047	""
ch14_m14_1	46	0.0013879165	8621.504625822368	0.3671767499999987		10.23960333300056	9206.933372124902	0.5140703960000792	117.31121924737909	252.7730784415644	1.098063085622294	0.06574602079084513	6	fd5e0ecacddc7047	""
ch14_m14_10	4	0.0082318955	462968.2518382353	6.421208958499847		6.218207458999132	566051.5726863227	7.986014854000132	17272.960440023337	18853.214209968806	1.218664298605264	0.028079980988433006	6	fd5e0ecacddc7047	""
ch14_m14_11	5	0.1612096875	740540.748459691	11.211184854500061		6.382256915999278	846651.9560810811	13.088589354000305	24159.31695930171	11230.740102040814	1.1336866179623222	0.03208175458252416	6	fd5e0ecacddc7047	""
ch14_m14_2	76	0.0050972705	24495.015703128054	3.2235857710002165		11.037367457999608	30806.422195074127	4.71880831199951	667.2811255286197	606.9922031546776	1.2410272663974422	0.04909354049350101	6	fd5e0ecacddc7047	""
ch14_m14_3	76	0.0126211045	15835.751102570564	1.2822373125000013		9.200919167000393	27403.49156931607	2.255618562499876	520.4585750763199	653.552970232533	1.75319383389286	0.043835839008280586	6	fd5e0ecacddc7047	""
ch14_m14_4	3	0.001055042	2233.8031161221593	0.0458258124999702		4.5178841249999095	7786.721878173828	0.11924668749952616	19.781046689445475	306.2592866774967	3.438213514160635	0.11926729176779371	6	fd5e0ecacddc7047	""
ch14_m14_4x	3	0.000743896	2274.0476530478836	0.03672772950039871		3.7422779999997147	7784.597563244048	0.0958848959999159	10.597498425487856	160.2568444188123	3.340767720203255	0.15608615557444394	6	fd5e0ecacddc7047	""
ch14_m14_5	4	0.00064875	2575.81133829127	0.051455625500238966		3.147922749999452	11262.861799568966	0.17012337500000285	10.66583334631855	42.08233123451646	4.371683799457686	0.009429149643459311	6	fd5e0ecacddc7047	""
ch14_m14_6	7	0.004517334	107948.87758620689	2.437661729500178		6.915457667000737	135203.55172413794	4.171063729000252	198.0323600614065	333.16607889236184	1.2510711100951248	0.012987384551393255	6	fd5e0ecacddc7047	""
ch14_m14_6x	7	0.0047186665	107089.30886130137	2.383101646000341		6.848978832999819	136885.4433924485	4.1434211665000475	1032.0259221121742	1504.9844367119804	1.2790609713315115	0.021268854842116824	6	fd5e0ecacddc7047	""
ch14_m14_7	656	0.006194603999999999	24340.064149844722	4.677664270999685		8.947032500000205	35458.72758743371	6.774624729499919	188.75457965874375	390.43898363604967	1.4580558647135133	0.007830911197374668	6	fd5e0ecacddc7047	""
ch14_m14_8	15	0.0010149999999999998	2719.9153834922568	0.709821749999719		4.497595708000517	3515.557909644225	1.0734762710003452	17.104885175613163	95.29880107467716	1.3039714616899973	0.033768951401564884	6	fd5e0ecacddc7047	""
ch14_m14_8nc	15	0.0014261455	2686.309259100275	0.8446646244997282		5.707392040999366	3905.7705319681963	1.2128491454996038	16.896182245417776	68.81033703668845	1.4248856416330253	0.050721822619443246	6	fd5e0ecacddc7047	""
ch14_m14_9	4	0.0015913540000000001	341079.81200994947	5.039125770999817		4.042506707999564	427614.1760892358	6.143005750499469	8935.128674283158	8224.361419882538	1.2391069458729351	0.026884662509119694	6	fd5e0ecacddc7047	""
ch15_m15_1	54	0.00044952100000000004	612.8346536147535	0.05161181250014124		3.183875374999843	1678.4967525952484	0.1002519374997064	3.7866483753897455	7.595518296145542	2.7851668981983697	0.01905713322104985	6	fd5e0ecacddc7047	""
ch15_m15_2	104	0.0004567495	998.0165920731631	0.08054608349993941		3.420682083000429	2316.977465836687	0.14412702100025854	23.06155727477335	22.906646318354888	2.324151917733424	0.053558100372063544	6	fd5e0ecacddc7047	""
ch15_m15_3	2	0.0053069585	23051.89375	0.256716332999531		2.6338595000006535	28741.414108623605	0.2961451664996275	313.13522772768374	385.63074426328603	1.2535182473625697	0.017966299748431447	6	fd5e0ecacddc7047	""
ch15_m15_4	2	0.0049702915	19129.811238815913	0.20784585399997013		2.627088457999889	23635.48749942954	0.27398491699977967	193.18602398949406	340.5811917830997	1.2399544733817822	0.015583291890097883	6	fd5e0ecacddc7047	""
ch15_m15_5	18	0.000532562	586.9790218663558	0.035980395499791484		3.2300632500000575	1380.2455024222818	0.0632202500000858	10.05361521876597	13.623250718162808	2.3414548159626456	0.020293286868728222	6	fd5e0ecacddc7047	""
ch15_m15_6	6	0.000379604	392.13764206312686	0.024168354499579436		2.9926262919998408	758.473426357258	0.03489735400034988	6.32387658321494	9.299781241068047	1.9457874883403314	0.027328058255130294	6	fd5e0ecacddc7047	""
ch15_m15_7	21	0.000721104	10965.808637885648	0.337966770499861		7.17358541700014	15337.44215230727	0.5582553130002452	46.108186892890444	264.5517676918862	1.4155993722926494	0.028067472738769306	6	fd5e0ecacddc7047	""
ch15_m15_8	3	0.001745708	3121.8544237659235	0.05505474999972648		2.830885749999652	6910.727768477183	0.11024920850013586	37.30032673810865	127.38096082632137	2.2884048800299155	0.031244579353009838	6	fd5e0ecacddc7047	""
ch15_m15_9	3	0.0022623335	3106.9723580133877	0.07688885399966239		3.213036375000229	6975.5224222470615	0.16524922899998273	81.90435934127458	272.4210135963167	2.2777805370356914	0.07111122113869017	6	fd5e0ecacddc7047	""
ch16_m16_1	3	0.005692938	11217.27195058994	3.6806541454998296		2.992199792000065	26957.09578781885	8.638348604500152	207.27524536368037	873.4535106382973	2.385940164113655	0.027634782686312143	6	fd5e0ecacddc7047	""
ch16_m16_4	3	0.000397958	1665.0374569658084	0.08448479149956256		2.902297124999677	5232.837472844251	0.23901249999971697	16.540429775083794	119.01164117530107	3.122897110275491	0.03620974140085775	6	fd5e0ecacddc7047	""
extra_hurdle_poisson	2	0.0003237915	214.45046393211211	0.01439302150038202		2.598575458000596	468.82295874188935	0.01854733300024236	1.6531262111375327	4.833646329495792	2.272806804306767	0.06983911020106803	6	fd5e0ecacddc7047	""
i319_gauss_re	66	0.0033986249999999997	3947.156352381552	0.23480822850024197		4.567895999999564	4567.89566245789	0.2995034584996574	17.386164881552077	68.01210415844616	1.1605245188799511	0.04376082848948315	6	fd5e0ecacddc7047	""
i319_negbin_fixed	6	0.0006679165	8771.860970250487	0.19551808350024658		3.3600604589992145	8807.965604785008	0.19552620849981395	182.19070334091884	233.78529914474439	0.9984320835335698	0.01893643469678047	6	fd5e0ecacddc7047	""
i319_negbin_re	66	0.0033398545000000003	11081.804923411166	0.8800727920001918		4.73353541600045	12993.116901726973	1.0435869375000948	240.38589403143578	179.26390038784666	1.174260105295661	0.019966431116573924	6	fd5e0ecacddc7047	""
i319_pois_fixed	5	0.0005897915	2751.0355402914324	0.09800129149971326		3.0968719579996105	2863.362882969354	0.10011002100009136	52.10045190274286	65.01456124441961	1.0342115432643157	0.01800608366680967	6	fd5e0ecacddc7047	""
i319_pois_re	65	0.0029377705	5168.7467152384215	0.9782401665001998		4.491237457999887	6764.451223527278	1.2903307709998444	88.56056933797072	109.17240203824804	1.2938628689430218	0.02036508405583093	6	fd5e0ecacddc7047	""
i319_pois_re2	302	0.0059002085	7524.415940504808	1.7462968959994214		4.8162962080004945	11646.779457434091	2.5234286459999566	172.08287555733887	221.19710933691385	1.544276386913415	0.015050811896639926	6	fd5e0ecacddc7047	""
i320_gp_expquad														fd5e0ecacddc7047	density/gradient mismatch: scaled error 1.18e-09
i320_gp_matern32	34	0.0009645835	32343.74025157499	1.6955840204996093		6.9654355419997955	29520.996251678684	1.8358725414996115	349.2534854547757	729.0918981481482	0.9301928151276655	0.008412905285899941	6	fd5e0ecacddc7047	""
i320_mi_nhanes	27	0.0014052499999999998	1731.4212464921397	0.7099441664995538		4.406472042000132	2094.5438034188037	0.9241349164994972	38.34643693988767	21.96913175179452	1.2020973447757477	0.020671047894332606	6	fd5e0ecacddc7047	""
i320_pois_trunc_both	4	0.0026401875	30659.17068664927	0.7891077704994132		3.5893111659997885	30904.281729799935	0.8120092915000896	352.28773328664465	903.326978533787	1.0277387330604522	0.019932221845216203	6	fd5e0ecacddc7047	""
i320_pois_trunc_ub	4	0.001997333	23874.69109054794	0.6206001669997931		3.4896158749997994	25661.14940230478	0.6585890410001412	493.3414811729417	457.44170416412453	1.0699760441559212	0.03463705047785237	6	fd5e0ecacddc7047	""
i320_sratio_cs	8	0.017155375	79580.81465617716	1.7961139375001949		5.034357250000539	105439.14975225225	2.729853291499694	1115.6523219156297	3167.007008272063	1.3446815102555982	0.04949347434964868	6	fd5e0ecacddc7047	""
i320_sratio_plain	6	0.0134170415	60103.43221429095	1.0475191880004786		3.7689234170002237	75578.37334372678	1.504876499999682	1915.3001653439132	1219.6537990196084	1.2821288510741704	0.029893146560923456	6	fd5e0ecacddc7047	""
s2_ar_cov	4	0.0020756875	6073.069496750484	0.1057758965002904		7.2109140409993415	6238.757507264788	0.11976408350028578	112.3292767347175	126.50320632736384	1.03673830783045	0.03382574383520942	6	fd5e0ecacddc7047	""
s2_beta_binomial	3	0.000512042	4607.377727740015	0.06864325049946274		3.6834236250006143	5981.452550282348	0.08416824950018054	94.70390512029508	84.84279560589539	1.3161252489677862	0.030283615512229467	6	fd5e0ecacddc7047	""
s2_car	10	0.0012829170000000002	1075.259799824311	0.06477114549988983		4.3710139169998	2001.0916571847824	0.12560352099990268	6.920038760959869	65.78379777902455	1.878133293512278	0.033004211042097276	6	fd5e0ecacddc7047	""
s2_car_esicar	8	0.001253854	979.1128298773622	0.059276917000261165		4.4901461250001375	1874.6257071906653	0.08900681199975224	21.31418867252819	38.90706868885047	1.9125725968227982	0.04440046536521769	6	fd5e0ecacddc7047	""
s2_car_icar	9	0.001216875	753.6669249101119	2.0378233544997784		4.375986332999673	1838.2978674310925	4.301977249999709	12.831323380903711	46.55226804752306	2.438577717564668	0.04716115775671015	6	fd5e0ecacddc7047	""
s2_categorical_re	16	0.002455125	5350.472566715973	0.23027920800041102		5.429340958000466	7847.554285608425	0.3607869159995971	101.39125870544649	181.30111766461096	1.4539055742010516	0.06392590552286204	6	fd5e0ecacddc7047	""
s2_cens_interval	3	0.000957958	1508.8163392324554	0.033681396499559924		3.7520716669996546	2786.4271184747868	0.04462070850013333	36.70721370496028	42.48526926790737	1.854978901007065	0.028186587503366223	6	fd5e0ecacddc7047	""
s2_com_poisson														fd5e0ecacddc7047	s2_com_poisson/gradient/0/stanli: failed (event 2828)
s2_cosy	4	0.0015355205	5817.9630687946865	0.1356390209998608		6.522599416999583	5751.40721258184	0.14785537499983548	89.06131876871268	140.03774838037498	0.9945833042545797	0.01413252087272171	6	fd5e0ecacddc7047	""
s2_cox	6	0.0009186875	740.0985931971611	0.04815497899971888		4.140892500000518	2437.6592932554026	0.10843910400035384	13.775457150090972	28.942272525583803	3.337222140881767	0.03358907161879987	6	fd5e0ecacddc7047	""
s2_cox_cens	6	0.001199479	830.983272215136	0.045338479000292864		5.0481815000002825	3283.531017560529	0.12295589600034873	13.755079561920411	62.233300481650986	3.9112322606165186	0.019270746552343843	6	fd5e0ecacddc7047	""
s2_cumulative_cauchit	4	0.0033662295	816.8922659854761	0.04555360450012813		3.6529712080000536	3935.377238381061	0.1173613750002005	10.0417755674805	100.5290687964673	4.7542312813755565	0.08442841548507385	6	fd5e0ecacddc7047	""
s2_cumulative_cloglog	4	0.001234062	1187.0813438637742	0.04755960450029306		3.6525404169997273	3288.5858246234516	0.09772879150023073	15.303896624527738	34.72292304421762	2.7666995149140803	0.04546960948929191	6	fd5e0ecacddc7047	""
s2_cumulative_probit	4	0.000679521	4662.155226310209	0.08873604200061891		3.697346459000073	5247.283056764183	0.11577945799945155	83.35683292646945	132.25106645192773	1.1271747446901923	0.02507994623797205	6	fd5e0ecacddc7047	""
s2_custom_vint	3	0.0008851460000000001	4512.235280941382	0.06848243750027905		3.52858283400019	6546.421112538451	0.08875510450025104	106.99447470545874	61.8392508557813	1.430248610794064	0.0487979000466231	6	fd5e0ecacddc7047	""
s2_custom_vreal	3	0.0007713545	368.3366784107948	0.021048916500149062		3.4473424580000938	2054.2324589788577	0.04083766599978844	7.066531901858951	53.218199215056984	5.520424123751607	0.21972248379325965	6	fd5e0ecacddc7047	""
s2_dirichlet	5	0.001279208	13991.062109375001	0.24221187500006636		4.35269958400022	14590.509762143494	0.2718656459996964	176.76422643135356	329.4243782827143	1.0451132989543366	0.024477091168944032	6	fd5e0ecacddc7047	""
s2_discrete_weibull	3	0.0008461665	1762.1946335269372	0.08653479199983849		3.477779916000145	3923.4764286164313	0.17166012500047145	57.97108445935487	51.07520173974058	2.194608895088595	0.061633225404295944	6	fd5e0ecacddc7047	""
s2_dist_sigma_re	9	0.0012300000000000002	1083.2137332602942	0.06900137499997072		4.9242931250000765	2452.985793003101	0.11633147849988745	17.789436956473537	21.999584772930348	2.266309759926956	0.03157984532473157	6	fd5e0ecacddc7047	""
s2_fcor	3	0.000814583	14100.242199033606	0.17881639599954724		4.926566750000347	13349.705688999884	0.18270797900004254	538.932561927214	330.9480253479769	0.9573851436834485	0.046524440423848734	6	fd5e0ecacddc7047	""
s2_frechet	3	0.0004974795000000001	2039.6374277970665	0.09300454149979487		3.9591042499996547	2977.627724667117	0.13837666699964757	47.363828308748	72.72839156200666	1.4411922024196389	0.018366927152899337	6	fd5e0ecacddc7047	""
s2_gev	4	0.0009360625	13829.43098529118	0.22529927099958513		3.77562670899988	4994.316066894531	0.09464777099992716	206.89551013764867	165.64578338694264	0.36509644502541233	0.01029304199388531	6	fd5e0ecacddc7047	""
s2_gp_approx	9	0.0008891665	677.4315704979157	0.058099520999803644		5.237483541999609	2138.1584462461515	0.13748325000005934	7.961221474313959	28.469506658328328	3.1352524845154166	0.030680628626292616	6	fd5e0ecacddc7047	""
s2_gp_by_approx	16	0.001609604	1077.343153483452	0.08130585400022028		6.006172833999699	3464.5290564416055	0.2286895000002005	6.549270557457362	89.68480132307104	3.1517365827162207	0.05381595843752862	6	fd5e0ecacddc7047	""
s2_gp_by_gr														fd5e0ecacddc7047	density/gradient mismatch: scaled error 7.33e-07
s2_gr_by	10	0.0011646875	1047.201653896234	0.07658631249978498		4.918827250000504	1620.7176026922352	0.09956716699980461	13.914202196224778	18.87581858915439	1.5450605559255695	0.031744575408723885	6	fd5e0ecacddc7047	""
s2_gr_student	15	0.0013484375	1238.7885807816028	0.11192816650009263		5.170035707999887	1933.82432341221	0.16860543749999124	31.25935450658426	37.27331703638379	1.5784109790472711	0.004378768865547444	6	fd5e0ecacddc7047	""
s2_hurdle_cumulative	4	0.0029234580000000003	7206.885239545037	0.11641087499947389		4.173420500000248	8646.16170056723	0.1786791039999116	79.4047231835234	95.3597423769179	1.2079325395613818	0.02420034822058914	6	fd5e0ecacddc7047	""
s2_hurdle_negbin	4	0.003100854	3363.475155548831	0.08901197949990092		3.480503084000702	6990.283189174107	0.15109060450004108	72.60465700276018	187.3106334801114	2.080724867498967	0.01124284212013582	6	fd5e0ecacddc7047	""
s2_index_mi	9	0.0015147285	1199.929230334712	0.050502020999829256		4.20508291599981	1727.3771594410211	0.06237797899984798	8.659512388939902	11.320531782186094	1.4368539800051987	0.035100852552461426	6	fd5e0ecacddc7047	""
s2_invgaussian														fd5e0ecacddc7047	s2_invgaussian/gradient/0/stanli: failed (event 3467)
s2_logistic_normal	7	0.0027124375	19880.563890257807	0.34096166649987936		6.335666791000222	22920.448601551812	0.4682050415003687	121.92318030432034	615.0054937607583	1.166002771529448	0.023687986027080332	6	fd5e0ecacddc7047	""
s2_me2	89	0.001527812	3042.982142857143	0.31037747900018076		6.720962749999671	4125.396646217823	0.44253014649984834	28.969006254430724	49.79707356627978	1.4254395714745445	0.020740783992625023	6	fd5e0ecacddc7047	""
s2_me2_nomecor	88	0.0014373125	1778.4963830248967	0.18419293700026174		4.41383791699991	3283.841600251678	0.3196935205000955	50.6224833770093	84.99520805072484	1.8413639246682487	0.022745036491837012	6	fd5e0ecacddc7047	""
s2_mi_lognormal	9	0.00078825	842.3997716447668	0.03559085449978738		4.589146833000086	1868.1984296556482	0.05546050049997575	30.481409937053115	21.126833265024857	2.1894461350849124	0.05300654664991322	6	fd5e0ecacddc7047	""
s2_mi_trunc_lb	9	0.0012579375	3236.2189435935597	0.19919068750004953		4.445982291999826	4174.988803837552	0.2681636040001649	43.272790930000156	84.52737313255648	1.296433502207058	0.013413774882217844	6	fd5e0ecacddc7047	""
s2_mixture_theta	8	0.0025628955	7084.695914229591	2.107101375000184		4.535817625000163	9324.528757440476	1.6241147084997465	207.06665422155584	59.57329979829501	1.3474640791931973	0.056365397008485085	6	fd5e0ecacddc7047	""
s2_mm	9	0.0019077084999999999	1678.6171758292248	0.0762441249994481		4.65248474999953	2115.8665929617823	0.09005485399984536	29.88655110068885	44.72492804681997	1.244924394219093	0.030680652909229167	6	fd5e0ecacddc7047	""
s2_mm_weights	9	0.001760646	1714.1618075423025	0.07710541650021696		4.65040854200015	2057.787657932777	0.08159985399970537	35.99207613174224	41.371812195708685	1.2104275993555458	0.027351247149928315	6	fd5e0ecacddc7047	""
s2_mmc	16	0.0023062085000000003	4117.179630055147	0.18275266700038628		6.955046500000208	3766.5834716415484	0.22267756249993909	35.00217878266267	99.24604424370659	0.9108391856704086	0.008022686120578104	6	fd5e0ecacddc7047	""
s2_mo_simo_prior	5	0.003615479	943.0521634615384	0.048343041999942216		4.000755042000492	2179.53024421813	0.07417122900051254	27.377672272704558	18.78933616575023	2.3112015949771405	0.0770563926308252	6	fd5e0ecacddc7047	""
s2_multinomial	4	0.0010732915	9812.557027284263	0.1627754584997092		3.9916210829997	11152.506115056818	0.21563370849980856	256.55236543518185	490.9630852861628	1.1308424600424258	0.00993790486322732	6	fd5e0ecacddc7047	""
s2_mv_shared_re	19	0.001922208	2862.4767338267543	0.15399370799968892		7.138932959000158	3153.4106206200495	0.1909670625000217	36.75530666880786	107.29374159250824	1.10711160207775	0.02455177674054132	6	fd5e0ecacddc7047	""
s2_mv_subset	6	0.000712125	666.6143323961195	0.028397562500231288		3.4674894999998287	767.839475235849	0.030935249500089412	8.528930333521771	21.512503181635054	1.1427792538821793	0.019374220266816233	6	fd5e0ecacddc7047	""
s2_nl_noloop	5	0.0005098329999999999	612.6919725727519	0.06356979149995823		3.909190166999906	2049.999840385373	0.15597820850007338	6.733702567520993	42.041525800524596	3.348673018834543	0.013351606808342575	6	fd5e0ecacddc7047	""
s2_nlf	3	0.0006078749999999999	788.0918106874225	0.02780129200027659		3.966616165999767	2619.5366780096265	0.053386353999940184	17.56748450782152	17.460119285400424	3.3113638314255756	0.04434948502512048	6	fd5e0ecacddc7047	""
s2_rate	2	0.0004924165	522.5330588165107	0.01907410450030511		3.596609124999304	1272.7526524861655	0.02826033350038415	15.025887918122208	54.3836153748083	2.4524195105100803	0.06694508794882115	6	fd5e0ecacddc7047	""
s2_s_by	52	0.0013928335000000002	1457.5497360897195	0.17714237449990833		5.894686541999363	4758.890928420409	0.49213833299972976	33.35192682732236	121.76319597713427	3.2654634869404324	0.046904882717996754	6	fd5e0ecacddc7047	""
s2_s_cc	11	0.000598625	490.39825650512194	0.038636687500002154		4.304091916999823	1472.5384320160515	0.07676035400027104	12.165657809523282	29.476200682917238	3.0084740802727454	0.091669234626234	6	fd5e0ecacddc7047	""
s2_sar	4	0.0008328335	3405.9342787331207	0.06257668750004086		4.061105833000511	8544.657156474283	0.13793618750059977	25.98664268786183	119.2899718648041	2.5022023970557976	0.01135986733530836	6	fd5e0ecacddc7047	""
s2_sar_error	4	0.0007380830000000001	3535.4346059025515	0.06683877150044282		4.113831415999812	8738.175903320312	0.14144747949967496	72.35359203928533	69.62499032041615	2.463465878122368	0.02506632489577032	6	fd5e0ecacddc7047	""
s2_shifted_lognormal	4	0.0005322915	529.5271399637971	0.02527474999988044		3.918937082999946	1446.1928529935226	0.042312833500091074	4.990951380302874	44.3330205743963	2.740993359037007	0.0917273081647636	6	fd5e0ecacddc7047	""
s2_t2_by	56	0.0013735000000000002	1625.8249727511775	0.11540531250011554		5.851024000000507	5078.638400733558	0.2833291669994651	44.49626365974382	50.67731016303878	3.0709739148560886	0.0529914778643199	6	fd5e0ecacddc7047	""
s2_threading	4	0.0007166875	369.83178936493056	0.02051125050002156		3.356112125000436	452.9804618239298	0.023318333000133862	13.025996220175557	2.6945695617514502	1.2386314018599003	0.04771784365270493	6	fd5e0ecacddc7047	""
s2_unstr	31	0.002795562	6119.839447234877	0.460610688000088		7.538950207999733	6610.184145535269	0.52122427050017	119.21704680307857	94.74067271180775	1.0575500592363087	0.02315566377908429	6	fd5e0ecacddc7047	""
s2_weights_trunc	3	0.0011534795	5812.919360743674	0.20491762499977995		3.6089477499999703	6865.989083898875	0.23622906250056985	104.39944221552196	228.93679642268307	1.156173239559642	0.03924544959054044	6	fd5e0ecacddc7047	""
s2_wiener	5	0.003309729	28426.953577898552	0.4525462710003012		3.642860582999674	29371.612778829967	0.47188491699989754	349.3179353493233	771.6986766673908	1.0282798523691858	0.030422930789930525	6	fd5e0ecacddc7047	""
s2_zi_asymlaplace	5	0.0040170835	6035.021392954016	0.2120134169999801		3.5661914169995725	4450.7934481534085	0.14835268750039177	113.10453504920815	64.76971663337144	0.7307633614978237	0.011541406794354447	6	fd5e0ecacddc7047	""
s2_zi_beta	4	0.0035734585	3997.074513887741	0.069348791500488		3.6152408340003603	6598.857953466522	0.11322033350006677	99.75883022584026	133.54883734809027	1.6492424802858574	0.02693558379092642	6	fd5e0ecacddc7047	""
s2_zoi_beta	5	0.0046084585	4237.703773601481	0.08045470799970644		3.674712959000317	6574.878403188344	0.125481520500216	112.87651480214072	124.59305669889636	1.580949574352222	0.035931573649334414	6	fd5e0ecacddc7047	""
sw_acat	4	0.0067673125	47575.18655873494	0.7178536874998827		3.8838828750003813	162818.75515295245	3.1710719369998515	1338.8323909900028	3381.987328109477	3.411779600908658	0.08769507257709264	6	fd5e0ecacddc7047	""
sw_acat_cs	7	0.009442520499999999	59879.84961228832	1.3326903329998459		5.0162418749996505	193794.34199352044	5.317378270500285	1429.1032469808379	1780.0146852749458	3.1733917558530074	0.10172923148076563	6	fd5e0ecacddc7047	""
sw_ar	4	0.0018074585	1680.278755623299	0.041043583499686065		4.24945841600038	2833.0979525271287	0.05591064549980729	52.22574836880267	37.43131703859376	1.733713911722658	0.02864998801938201	6	fd5e0ecacddc7047	""
sw_arma	5	0.0021322915	2462.3412079930904	0.14333204149988887		4.3374877090000155	4067.6888177540677	0.20842631249979604	50.15711808155811	31.64472962803393	1.6231765145502597	0.03843509165852099	6	fd5e0ecacddc7047	""
sw_asymlaplace	4	0.0017716665	6163.777401286326	0.17455341649974798		3.7240649579998717	3451.0931624060777	0.11809722950010837	116.69497631395416	220.98360964038716	0.5528058594359506	0.013321648501704475	6	fd5e0ecacddc7047	""
sw_bernoulli	3	0.0004690205	441.82589185043923	0.01974099999961254		3.2663119580001876	530.4603232959936	0.022408791499856306	9.985897276154333	9.161754992736746	1.2244543554239034	0.022410536703424855	6	fd5e0ecacddc7047	""
sw_beta	3	0.000463875	2110.2844623861947	0.0373677709999356		3.8777335000004314	3311.199430561501	0.0557753545003834	39.49045412334135	92.3405298968546	1.560211835732297	0.06330907269652508	6	fd5e0ecacddc7047	""
sw_binomial	2	0.00046706250000000003	1740.6600350454346	0.030583500499687943		3.532772374999695	2473.383257541494	0.03840325049986859	19.09509724610814	38.06552693264439	1.4040858649375596	0.04082995756578445	6	fd5e0ecacddc7047	""
sw_categorical	4	0.0005792295000000001	1214.99955875259	0.03566093749986976		4.306520625000303	1284.7142028892688	0.037716083000304934	23.98019137732763	20.861770488931597	1.0474516289221656	0.004368714229486592	6	fd5e0ecacddc7047	""
sw_cens	3	0.0006302285	837.3404724957192	0.028469000000313827		4.1264890419997755	2005.0757165985835	0.043288895500609215	20.548589493266604	58.055355182437665	2.414846832903213	0.015090391841334538	6	fd5e0ecacddc7047	""
sw_cratio	4	0.0147656245	60941.86671744455	0.7634610834998057		3.6039928330001203	76183.46963107024	1.0679311250000865	1949.901189701508	1907.4617684680925	1.245709749278523	0.047906963761369714	6	fd5e0ecacddc7047	""
sw_cratio_cs	7	0.017108104	78151.36344625356	1.2776910419997876		4.71862529200007	107635.1669520548	2.0805010000003676	1535.2185581659724	1832.2065078080705	1.36675366132855	0.025670511454695122	6	fd5e0ecacddc7047	""
sw_cumulative	5	0.0007079585	21712.8183169314	0.315215853999689		3.7694200420000925	21191.780613111412	0.3018112709996785	417.87168819498766	220.96155541743792	0.9778850563400534	0.00409306491001743	6	fd5e0ecacddc7047	""
sw_cumulative_cs	7	0.049708063	60108.799423810924	1.3847379375001765		4.76019179099967	62857.00718045955	1.5147978125000918	1143.8969332094202	1858.2347129632617	1.0367825921938993	0.037700238954531784	6	fd5e0ecacddc7047	""
sw_dist_sigma	4	0.000644354	613.3199455835247	0.026350437499786494		3.838612167000065	2075.455687728945	0.048831791499651445	13.625396664074287	41.81104051341481	3.4321752956360423	0.07964471760665326	6	fd5e0ecacddc7047	""
sw_exgaussian	4	0.0004978955	919.1913198143545	0.05444689549995019		3.88890312500007	1753.8241220221366	0.0869111250003698	17.479155569365503	12.546499153735567	1.9371671805813115	0.0828591342047249	6	fd5e0ecacddc7047	""
sw_gamma	3	0.0004557295	679.1411438299194	0.024542458500036446		3.7373055420002856	1668.103286160116	0.038726499999938824	22.697296944860227	21.64552331636196	2.4241487012784706	0.05206335843620935	6	fd5e0ecacddc7047	""
sw_gaussian	4	0.000543063	357.58799627649853	0.019515395499638544		3.719667790999665	435.3306106211808	0.029089958499753266	5.963733903750011	7.696159893374386	1.2101920225636698	0.038807316755600674	6	fd5e0ecacddc7047	""
sw_gp														fd5e0ecacddc7047	density/gradient mismatch: scaled error 7.83e-09
sw_hurdle_gamma	4	0.0030099795	1577.145481257916	0.043920541999796114		3.5375924590007344	3503.8403470861704	0.07443820849948679	33.24200308129559	66.5214793182347	2.2128279132972475	0.027913957915724597	6	fd5e0ecacddc7047	""
sw_hurdle_lognormal	4	0.002867604	1110.3336822170822	0.03670535449964518		3.574667083999884	2856.8219294128457	0.06120670849986709	17.940928516300005	45.944039508306105	2.567168072098881	0.06571918124634935	6	fd5e0ecacddc7047	""
sw_hurdle_pois	3	0.0029325625000000003	1608.0869847828599	0.037280687499333		3.3807323340006405	4073.0369989615165	0.06883752099975027	41.79367289944503	81.64503042341084	2.5920968239837014	0.04806924014181524	6	fd5e0ecacddc7047	""
sw_lognormal	3	0.0005171665000000001	420.6113838637886	0.020675062499776686		3.6843229169999177	1133.02866178791	0.030784999999923457	10.634267166416066	41.66746615043803	2.726584304798241	0.07925728898435014	6	fd5e0ecacddc7047	""
sw_ma	4	0.0017275625	1682.1514300218787	0.04468474949953816		4.281409582999913	2903.2771390812127	0.059236832999886246	41.139190220074966	68.05274361205988	1.6984460779784056	0.03229625309519868	6	fd5e0ecacddc7047	""
sw_me	45	0.0011852915	1027.4166274297804	0.09873760400023457		4.18688658300016	2001.1309591744198	0.18664466699965487	20.574950209257622	33.221963205645125	2.007132602814739	0.038886308853679497	6	fd5e0ecacddc7047	""
sw_mi	9	0.0007642495	886.6715380625187	0.03893397899992124		3.819512332999693	964.5995286355808	0.041184667000379704	15.44228911304549	15.514281921070108	1.109090552700938	0.021823181711686845	6	fd5e0ecacddc7047	""
sw_mixture	7	0.0013461875000000002	5144.290472438351	1.7431054164999296		4.776123042000108	7177.880835763721	2.5705032709993247	112.50987009044866	288.07377798190873	1.3619463245535917	0.04831648650212139	6	fd5e0ecacddc7047	""
sw_mono	5	0.0032833545000000002	930.5733846311216	0.04506785450030293		3.9818558339993615	2027.6679283961776	0.06660179149957912	38.13443662161751	38.555651272941645	2.2058348244427473	0.062493250225391206	6	fd5e0ecacddc7047	""
sw_mv_norescor	6	0.0006927085	670.2808676332365	0.028171333000045706		3.4580801249994693	801.861365476752	0.030205041500266816	10.654048878552999	24.365501171184576	1.1956518895897588	0.026990573702497578	6	fd5e0ecacddc7047	""
sw_mv_rescor	7	0.001069834	6728.069359463569	0.13685989600026005		6.218228417000319	7764.980056884766	0.1671044790000451	130.1199295960473	261.9767090154164	1.165591130782353	0.023699569041219393	6	fd5e0ecacddc7047	""
sw_negbinomial	4	0.00043349999999999997	1611.5057836272617	2.6243227290001414		3.3726958750003178	1691.08746602655	3.2317167289997997	20.558434836647734	35.08944969281424	1.0657624709490605	0.024537431525555986	6	fd5e0ecacddc7047	""
sw_nonlinear	3	0.000530854	581.9088330078125	0.02337293749951641		3.856820125000013	2438.269886583385	0.04579943749968152	52.06936758433915	27.166215916053943	4.407323803459325	0.18684182903000046	6	fd5e0ecacddc7047	""
sw_poisson	3	0.0003988335	599.6355285148311	0.022192667000126676		3.1121426250001605	686.0916520003434	0.02470862499967552	5.839060949900784	17.140034361655694	1.1532891987974416	0.015110919957113556	6	fd5e0ecacddc7047	""
sw_re_bern	8	0.001175896	941.4790126033715	0.04990300000008574		4.634055208000063	1617.5449995532067	0.07794299999977738	31.597228476845032	33.59020856283712	1.704096482758929	0.018143318871446823	6	fd5e0ecacddc7047	""
sw_re_gauss	9	0.001244187	991.5605764081402	0.055985417000101734		4.579302292000648	1499.3317392128752	0.07529127099996913	24.92027378057668	23.90519510747015	1.4857432096341239	0.03176832587771217	6	fd5e0ecacddc7047	""
sw_re_negbin	9	0.0011120625	2143.9989998278857			4.774620000000141	2799.8857581334605	5.005079874998955	63.99049275665607	58.340154309207946	1.3002721667951174	0.01576267853110236	6	fd5e0ecacddc7047	stanli_sample_timeout(0.64917s, seed=2)
sw_re_pois	8	0.0010585834999999998	1100.4524947179839	0.05786514600004011		4.489229167000303	1664.3238265974264	0.085593041500033	23.17057455523866	21.544865074425957	1.5598051329851104	0.06476929649894125	6	fd5e0ecacddc7047	""
sw_re_slope	16	0.001528146	2360.881272991884	0.1725765829996817		6.806010250000327	2442.5436966734715	0.21147606200065638	44.85100161696823	51.38690251777166	1.037930029660393	0.028554964049543774	6	fd5e0ecacddc7047	""
sw_se	2	0.0005092705	355.7008105879071	0.01779977050046		3.5321378749995347	984.7851054937028	0.024437395500171988	8.414085101281813	19.770259376372394	2.685820863722407	0.0764459692178987	6	fd5e0ecacddc7047	""
sw_skewnormal	4	0.001265479	1442.4256577435663	0.048477354000169726		3.9524792909996904	2138.8950141307328	0.05922712499886984	30.848771858786563	58.03228179793541	1.4927997562922473	0.054261415097325405	6	fd5e0ecacddc7047	""
sw_spline_s	12	0.00073	557.1871566778796	0.06262479199995141		4.454095999999481	1830.4563841444651	0.15820733350028604	8.489586657882569	32.07410384085688	3.3212481921748904	0.048961383647110335	6	fd5e0ecacddc7047	""
sw_spline_t2	29	0.0010561665	947.5334226623062	0.0816288545001953		4.913098125000033	3145.434806637555	0.18069491650021519	19.716126778665057	37.683756938522265	3.271306997263799	0.019283549906746522	6	fd5e0ecacddc7047	""
sw_sratio	4	0.0132915625	61415.771335132886	0.7630057914993813		3.61602058400058	77304.64271722561	1.0937680834995263	1065.6060210179094	1358.7478809435852	1.2538817897188799	0.042493759142162246	6	fd5e0ecacddc7047	""
sw_student	5	0.000596354	542.1657252299756	0.029062749999866355		3.9266599580005277	1372.8498355133365	0.04444102050092624	6.275244536547177	34.49410066118173	2.5607400089788177	0.04286776942903181	6	fd5e0ecacddc7047	""
sw_trunc	3	0.000938438	5564.0341907848015	0.21235029150011542		3.5738895409995166	6383.195840987771	0.23711341650141549	114.87770649949198	154.4323594079642	1.1550276447440153	0.004059734252578995	6	fd5e0ecacddc7047	""
sw_vonmises	3	0.0005653335000000001	702.8963675883878	0.9117151870004818		3.6817800409990014	1552.713768295095	1.7226213545000064	20.147823309356284	31.50234554664769	2.2357745368890924	0.04660524300214797	6	fd5e0ecacddc7047	""
sw_weibull	3	0.000533125	1938.5973062174235	0.04640977100007149		3.931631916000697	2885.7106936297414	0.06229574999997567	46.94855727615686	43.909558054390345	1.4742990946307741	0.013324928751947906	6	fd5e0ecacddc7047	""
sw_weights	3	0.0006507080000000001	544.5210277609897	0.02309906249956839		3.5159739999999147	1824.9499124386748	0.03928683350022766	16.374190080170877	21.290136760825476	3.446850041670899	0.05300545290630243	6	fd5e0ecacddc7047	""
sw_zi_binomial	3	0.0033026665	2033.829983730684	0.04695612500017887		3.408664000000499	3759.296367100307	0.07100758299930021	52.18740411487636	89.14409226168618	1.8380708003956345	0.02575296183090514	6	fd5e0ecacddc7047	""
sw_zi_negbin	4	0.00322175	2886.934312518385	0.07824393700047949		3.4577212920012244	4552.094051033351	0.11743045849925693	72.23842031906861	51.52416740864692	1.5762369479357878	0.04175371821743301	6	fd5e0ecacddc7047	""
sw_zi_poisson	3	0.00283875	1123.8358873298757	0.03358410450073279		3.358541375000641	2336.73160446838	0.04849818749971746	22.061523410486416	41.64493342056653	2.071425531445519	0.035207600328296174	6	fd5e0ecacddc7047	""
