"model","backend","algorithm","seed","warnings"
"sw_gaussian","stanli","sampling",1,""
"sw_gaussian","stanli","meanfield",1,""
"sw_gaussian","stanli","meanfield",2,""
"sw_gaussian","stanli","meanfield",3,""
"sw_gaussian","stanli","meanfield",4,""
"sw_gaussian","stanli","meanfield",5,""
"sw_gaussian","stanli","fullrank",1,""
"sw_gaussian","stanli","fullrank",2,""
"sw_gaussian","stanli","fullrank",3,""
"sw_gaussian","stanli","fullrank",4,""
"sw_gaussian","stanli","fullrank",5,""
"sw_gaussian","stanli","pathfinder",1,""
"sw_gaussian","stanli","pathfinder",2,""
"sw_gaussian","stanli","pathfinder",3,""
"sw_gaussian","stanli","pathfinder",4,""
"sw_gaussian","stanli","pathfinder",5,""
"sw_gaussian","stanli","laplace",1,""
"sw_gaussian","stanli","laplace",2,""
"sw_gaussian","stanli","laplace",3,""
"sw_gaussian","stanli","laplace",4,""
"sw_gaussian","stanli","laplace",5,""
"sw_gaussian","rstan","meanfield",1,""
"sw_gaussian","rstan","meanfield",2,""
"sw_gaussian","rstan","meanfield",3,""
"sw_gaussian","rstan","meanfield",4,""
"sw_gaussian","rstan","meanfield",5,""
"sw_gaussian","rstan","fullrank",1,""
"sw_gaussian","rstan","fullrank",2,""
"sw_gaussian","rstan","fullrank",3,""
"sw_gaussian","rstan","fullrank",4,""
"sw_gaussian","rstan","fullrank",5,""
"sw_bernoulli","stanli","sampling",1,""
"sw_bernoulli","stanli","meanfield",1,""
"sw_bernoulli","stanli","meanfield",2,""
"sw_bernoulli","stanli","meanfield",3,""
"sw_bernoulli","stanli","meanfield",4,""
"sw_bernoulli","stanli","meanfield",5,""
"sw_bernoulli","stanli","fullrank",1,""
"sw_bernoulli","stanli","fullrank",2,""
"sw_bernoulli","stanli","fullrank",3,""
"sw_bernoulli","stanli","fullrank",4,""
"sw_bernoulli","stanli","fullrank",5,""
"sw_bernoulli","stanli","pathfinder",1,""
"sw_bernoulli","stanli","pathfinder",2,""
"sw_bernoulli","stanli","pathfinder",3,""
"sw_bernoulli","stanli","pathfinder",4,""
"sw_bernoulli","stanli","pathfinder",5,""
"sw_bernoulli","stanli","laplace",1,""
"sw_bernoulli","stanli","laplace",2,""
"sw_bernoulli","stanli","laplace",3,""
"sw_bernoulli","stanli","laplace",4,""
"sw_bernoulli","stanli","laplace",5,""
"sw_bernoulli","rstan","meanfield",1,""
"sw_bernoulli","rstan","meanfield",2,""
"sw_bernoulli","rstan","meanfield",3,""
"sw_bernoulli","rstan","meanfield",4,""
"sw_bernoulli","rstan","meanfield",5,""
"sw_bernoulli","rstan","fullrank",1,""
"sw_bernoulli","rstan","fullrank",2,""
"sw_bernoulli","rstan","fullrank",3,""
"sw_bernoulli","rstan","fullrank",4,""
"sw_bernoulli","rstan","fullrank",5,""
"sw_poisson","stanli","sampling",1,""
"sw_poisson","stanli","meanfield",1,""
"sw_poisson","stanli","meanfield",2,""
"sw_poisson","stanli","meanfield",3,""
"sw_poisson","stanli","meanfield",4,""
"sw_poisson","stanli","meanfield",5,""
"sw_poisson","stanli","fullrank",1,""
"sw_poisson","stanli","fullrank",2,""
"sw_poisson","stanli","fullrank",3,""
"sw_poisson","stanli","fullrank",4,""
"sw_poisson","stanli","fullrank",5,""
"sw_poisson","stanli","pathfinder",1,""
"sw_poisson","stanli","pathfinder",2,""
"sw_poisson","stanli","pathfinder",3,""
"sw_poisson","stanli","pathfinder",4,""
"sw_poisson","stanli","pathfinder",5,""
"sw_poisson","stanli","laplace",1,""
"sw_poisson","stanli","laplace",2,""
"sw_poisson","stanli","laplace",3,""
"sw_poisson","stanli","laplace",4,""
"sw_poisson","stanli","laplace",5,""
"sw_negbinomial","stanli","sampling",1,""
"sw_negbinomial","stanli","meanfield",1,""
"sw_negbinomial","stanli","meanfield",2,""
"sw_negbinomial","stanli","meanfield",3,""
"sw_negbinomial","stanli","meanfield",4,""
"sw_negbinomial","stanli","meanfield",5,""
"sw_negbinomial","stanli","fullrank",1,"Informational Message: The maximum number of iterations is reached! The algorithm may not have converged."
"sw_negbinomial","stanli","fullrank",2,""
"sw_negbinomial","stanli","fullrank",3,""
"sw_negbinomial","stanli","fullrank",4,"ERROR: variational inference failed: stan::variational::normal_fullrank::calc_grad: The number of dropped evaluations has reached its maximum amount (10). Your model may be either severely ill-conditioned or misspecified."
"sw_negbinomial","stanli","fullrank",5,""
"sw_negbinomial","stanli","pathfinder",1,""
"sw_negbinomial","stanli","pathfinder",2,""
"sw_negbinomial","stanli","pathfinder",3,""
"sw_negbinomial","stanli","pathfinder",4,""
"sw_negbinomial","stanli","pathfinder",5,""
"sw_negbinomial","stanli","laplace",1,""
"sw_negbinomial","stanli","laplace",2,""
"sw_negbinomial","stanli","laplace",3,""
"sw_negbinomial","stanli","laplace",4,""
"sw_negbinomial","stanli","laplace",5,""
"sw_re_gauss","stanli","sampling",1,""
"sw_re_gauss","stanli","meanfield",1,""
"sw_re_gauss","stanli","meanfield",2,""
"sw_re_gauss","stanli","meanfield",3,"ERROR: variational inference failed: stan::variational::normal_meanfield::calc_grad: The number of dropped evaluations has reached its maximum amount (10). Your model may be either severely ill-conditioned or misspecified."
"sw_re_gauss","stanli","meanfield",4,""
"sw_re_gauss","stanli","meanfield",5,""
"sw_re_gauss","stanli","fullrank",1,""
"sw_re_gauss","stanli","fullrank",2,""
"sw_re_gauss","stanli","fullrank",3,"Informational Message: The ELBO at a previous iteration is larger than the ELBO upon convergence!"
"sw_re_gauss","stanli","fullrank",4,""
"sw_re_gauss","stanli","fullrank",5,""
"sw_re_gauss","stanli","pathfinder",1,""
"sw_re_gauss","stanli","pathfinder",2,""
"sw_re_gauss","stanli","pathfinder",3,""
"sw_re_gauss","stanli","pathfinder",4,""
"sw_re_gauss","stanli","pathfinder",5,""
"sw_re_gauss","stanli","laplace",1,""
"sw_re_gauss","stanli","laplace",2,""
"sw_re_gauss","stanli","laplace",3,""
"sw_re_gauss","stanli","laplace",4,""
"sw_re_gauss","stanli","laplace",5,""
"sw_re_pois","stanli","sampling",1,""
"sw_re_pois","stanli","meanfield",1,""
"sw_re_pois","stanli","meanfield",2,""
"sw_re_pois","stanli","meanfield",3,""
"sw_re_pois","stanli","meanfield",4,""
"sw_re_pois","stanli","meanfield",5,""
"sw_re_pois","stanli","fullrank",1,""
"sw_re_pois","stanli","fullrank",2,""
"sw_re_pois","stanli","fullrank",3,""
"sw_re_pois","stanli","fullrank",4,""
"sw_re_pois","stanli","fullrank",5,"Informational Message: The maximum number of iterations is reached! The algorithm may not have converged."
"sw_re_pois","stanli","pathfinder",1,""
"sw_re_pois","stanli","pathfinder",2,""
"sw_re_pois","stanli","pathfinder",3,""
"sw_re_pois","stanli","pathfinder",4,""
"sw_re_pois","stanli","pathfinder",5,""
"sw_re_pois","stanli","laplace",1,""
"sw_re_pois","stanli","laplace",2,""
"sw_re_pois","stanli","laplace",3,""
"sw_re_pois","stanli","laplace",4,""
"sw_re_pois","stanli","laplace",5,""
"sw_re_pois","rstan","meanfield",1,"Pareto k diagnostic value is 0.77. Resampling is unreliable. Increasing the number of draws or decreasing tol_rel_obj may help."
"sw_re_pois","rstan","meanfield",2,""
"sw_re_pois","rstan","meanfield",3,""
"sw_re_pois","rstan","meanfield",4,""
"sw_re_pois","rstan","meanfield",5,"Pareto k diagnostic value is 0.86. Resampling is unreliable. Increasing the number of draws or decreasing tol_rel_obj may help."
"sw_re_pois","rstan","fullrank",1,"Pareto k diagnostic value is 0.71. Resampling is unreliable. Increasing the number of draws or decreasing tol_rel_obj may help."
"sw_re_pois","rstan","fullrank",2,"Pareto k diagnostic value is 0.89. Resampling is unreliable. Increasing the number of draws or decreasing tol_rel_obj may help."
"sw_re_pois","rstan","fullrank",3,""
"sw_re_pois","rstan","fullrank",4,""
"sw_re_pois","rstan","fullrank",5,"Pareto k diagnostic value is 38.1. Resampling is disabled. Decreasing tol_rel_obj may help if variational algorithm has terminated prematurely. Otherwise consider using sampling instead."
"i319_pois_re","stanli","sampling",1,""
"i319_pois_re","stanli","meanfield",1,"Informational Message: The maximum number of iterations is reached! The algorithm may not have converged."
"i319_pois_re","stanli","meanfield",2,"Informational Message: The maximum number of iterations is reached! The algorithm may not have converged."
"i319_pois_re","stanli","meanfield",3,"Informational Message: The maximum number of iterations is reached! The algorithm may not have converged."
"i319_pois_re","stanli","meanfield",4,"Informational Message: The maximum number of iterations is reached! The algorithm may not have converged."
"i319_pois_re","stanli","meanfield",5,""
"i319_pois_re","stanli","fullrank",1,"Informational Message: The maximum number of iterations is reached! The algorithm may not have converged."
"i319_pois_re","stanli","fullrank",2,""
"i319_pois_re","stanli","fullrank",3,"Informational Message: The maximum number of iterations is reached! The algorithm may not have converged."
"i319_pois_re","stanli","fullrank",4,"ERROR: variational inference failed: stan::variational::advi::adapt_eta: All proposed step-sizes failed. Your model may be either severely ill-conditioned or misspecified."
"i319_pois_re","stanli","fullrank",5,"Informational Message: The maximum number of iterations is reached! The algorithm may not have converged."
"i319_pois_re","stanli","pathfinder",1,""
"i319_pois_re","stanli","pathfinder",2,""
"i319_pois_re","stanli","pathfinder",3,"ERROR: pathfinder failed: Optimization terminated with error: Line search failed to achieve a sufficient decrease, no more progress can be made Optimization failed to start, pathfinder cannot be run."
"i319_pois_re","stanli","pathfinder",4,""
"i319_pois_re","stanli","pathfinder",5,""
"i319_pois_re","stanli","laplace",1,""
"i319_pois_re","stanli","laplace",2,""
"i319_pois_re","stanli","laplace",3,"ERROR: optimize failed: Error evaluating model log probability: Non-finite gradient.
Error evaluating model log probability: Non-finite gradient.
Error evaluating model log probability: Non-finite gradient.
Error evaluating model log probability: Non-finite gradient.
Error evaluating model log probability: Non-finite gradient.
Error evaluating model log probability: Non-finite gradient.
Error evaluating model log probability: Non-finite gradient.
Error evaluating model log probability: Non-finite gradient.
Error evaluating model log probability: Non-finite gradient.
Error evaluating model log probability: Non-finite gradient.
Error evaluating model log probability: Non-finite gradient.
"
"i319_pois_re","stanli","laplace",4,""
"i319_pois_re","stanli","laplace",5,""
