"model","backend","algorithm","seed","variable","mean","sd","ndraws","distinct_draws"
"sw_gaussian","stanli","sampling",1,"b_Intercept",0.0445677969577408,0.145833220809518,4000,3970
"sw_gaussian","stanli","sampling",1,"b_x",0.106374140349593,0.148992917573925,4000,3970
"sw_gaussian","stanli","sampling",1,"b_z",-0.071378761449163,0.168617609643776,4000,3970
"sw_gaussian","stanli","sampling",1,"sigma",0.90056334299771,0.112554164325261,4000,3970
"sw_gaussian","stanli","meanfield",1,"b_Intercept",-0.011151257275763,0.138647925880279,1000,1000
"sw_gaussian","stanli","meanfield",1,"b_x",0.0311678123374001,0.182155866071879,1000,1000
"sw_gaussian","stanli","meanfield",1,"b_z",-0.0592071376217914,0.164107221099075,1000,1000
"sw_gaussian","stanli","meanfield",1,"sigma",0.842455434627618,0.109167817626694,1000,1000
"sw_gaussian","stanli","meanfield",2,"b_Intercept",0.120209038904792,0.159878581267131,1000,1000
"sw_gaussian","stanli","meanfield",2,"b_x",0.00322007497281637,0.124243533424292,1000,1000
"sw_gaussian","stanli","meanfield",2,"b_z",-0.154028748298426,0.151165431731446,1000,1000
"sw_gaussian","stanli","meanfield",2,"sigma",0.914057022625078,0.110102038047955,1000,1000
"sw_gaussian","stanli","meanfield",3,"b_Intercept",0.132140775954003,0.139464080994319,1000,1000
"sw_gaussian","stanli","meanfield",3,"b_x",0.141357598661566,0.138278032020424,1000,1000
"sw_gaussian","stanli","meanfield",3,"b_z",-0.0431606234257699,0.153343012015843,1000,1000
"sw_gaussian","stanli","meanfield",3,"sigma",0.914520703275679,0.104511881248364,1000,1000
"sw_gaussian","stanli","meanfield",4,"b_Intercept",0.0315379365932108,0.139352732400038,1000,1000
"sw_gaussian","stanli","meanfield",4,"b_x",0.133001189409506,0.126697352014238,1000,1000
"sw_gaussian","stanli","meanfield",4,"b_z",-0.0796571916488103,0.215337318795235,1000,1000
"sw_gaussian","stanli","meanfield",4,"sigma",0.990811387280605,0.100978965775914,1000,1000
"sw_gaussian","stanli","meanfield",5,"b_Intercept",0.0653815649964077,0.193388574641619,1000,1000
"sw_gaussian","stanli","meanfield",5,"b_x",0.096075685787435,0.179836479594142,1000,1000
"sw_gaussian","stanli","meanfield",5,"b_z",-0.0629265353988955,0.196569571179268,1000,1000
"sw_gaussian","stanli","meanfield",5,"sigma",0.933294089475452,0.130432387564319,1000,1000
"sw_gaussian","stanli","fullrank",1,"b_Intercept",0.0633673628354326,0.135883319294383,1000,1000
"sw_gaussian","stanli","fullrank",1,"b_x",0.106383292631217,0.137570975535593,1000,1000
"sw_gaussian","stanli","fullrank",1,"b_z",-0.0891033707068614,0.17009523118828,1000,1000
"sw_gaussian","stanli","fullrank",1,"sigma",0.911845411612338,0.11015452481646,1000,1000
"sw_gaussian","stanli","fullrank",2,"b_Intercept",0.0481930207741762,0.16413544075168,1000,1000
"sw_gaussian","stanli","fullrank",2,"b_x",0.099772426542498,0.168690360970331,1000,1000
"sw_gaussian","stanli","fullrank",2,"b_z",-0.0629776368647649,0.17258933350529,1000,1000
"sw_gaussian","stanli","fullrank",2,"sigma",0.897414527336003,0.104605385375466,1000,1000
"sw_gaussian","stanli","fullrank",3,"b_Intercept",0.066556566134034,0.178479294584801,1000,1000
"sw_gaussian","stanli","fullrank",3,"b_x",0.112209236816035,0.147111441380531,1000,1000
"sw_gaussian","stanli","fullrank",3,"b_z",-0.0657034033451906,0.187327211541375,1000,1000
"sw_gaussian","stanli","fullrank",3,"sigma",0.884325125610758,0.0917662806464918,1000,1000
"sw_gaussian","stanli","fullrank",4,"b_Intercept",-0.021595511743157,0.0950729795659283,1000,1000
"sw_gaussian","stanli","fullrank",4,"b_x",0.152818949725771,0.135026029536431,1000,1000
"sw_gaussian","stanli","fullrank",4,"b_z",-0.130775092690528,0.172518079435107,1000,1000
"sw_gaussian","stanli","fullrank",4,"sigma",0.929476378567612,0.110904229278412,1000,1000
"sw_gaussian","stanli","fullrank",5,"b_Intercept",0.0561575743117853,0.158527036618707,1000,1000
"sw_gaussian","stanli","fullrank",5,"b_x",0.0920641131671634,0.141409906735686,1000,1000
"sw_gaussian","stanli","fullrank",5,"b_z",-0.0961694418574304,0.151983352589582,1000,1000
"sw_gaussian","stanli","fullrank",5,"sigma",0.908754522904539,0.116123453702747,1000,1000
"sw_gaussian","stanli","pathfinder",1,"b_Intercept",0.105466647380897,0.176710744963271,1000,1000
"sw_gaussian","stanli","pathfinder",1,"b_x",0.108636526250271,0.146975155902309,1000,1000
"sw_gaussian","stanli","pathfinder",1,"b_z",-0.0766162820618706,0.154483018884712,1000,1000
"sw_gaussian","stanli","pathfinder",1,"sigma",0.85838693975147,0.111227988692942,1000,1000
"sw_gaussian","stanli","pathfinder",2,"b_Intercept",0.0397716607278644,0.160418640820174,1000,1000
"sw_gaussian","stanli","pathfinder",2,"b_x",0.0988897243622642,0.158475194269484,1000,1000
"sw_gaussian","stanli","pathfinder",2,"b_z",-0.056925750248105,0.178026346790581,1000,1000
"sw_gaussian","stanli","pathfinder",2,"sigma",0.857727382423096,0.111771445713789,1000,1000
"sw_gaussian","stanli","pathfinder",3,"b_Intercept",0.153483899548328,0.149885728887592,1000,1000
"sw_gaussian","stanli","pathfinder",3,"b_x",0.0400234654430942,0.147485375627849,1000,1000
"sw_gaussian","stanli","pathfinder",3,"b_z",-0.0218509373049261,0.173938338244762,1000,1000
"sw_gaussian","stanli","pathfinder",3,"sigma",0.870558796889595,0.111847559734329,1000,1000
"sw_gaussian","stanli","pathfinder",4,"b_Intercept",0.0508377636510958,0.141148823127929,1000,1000
"sw_gaussian","stanli","pathfinder",4,"b_x",0.0945203072983192,0.144773269063141,1000,1000
"sw_gaussian","stanli","pathfinder",4,"b_z",-0.0672387595917647,0.160392461434302,1000,1000
"sw_gaussian","stanli","pathfinder",4,"sigma",0.854802310443202,0.0997483689561739,1000,1000
"sw_gaussian","stanli","pathfinder",5,"b_Intercept",0.0505078421023322,0.141650928237689,1000,1000
"sw_gaussian","stanli","pathfinder",5,"b_x",0.109827113240007,0.134321021404454,1000,1000
"sw_gaussian","stanli","pathfinder",5,"b_z",-0.0656452111746556,0.149730651072836,1000,1000
"sw_gaussian","stanli","pathfinder",5,"sigma",0.857504471664618,0.107785932061587,1000,1000
"sw_gaussian","stanli","laplace",1,"b_Intercept",0.0523357739371225,0.137172968893971,1000,1000
"sw_gaussian","stanli","laplace",1,"b_x",0.101733235771012,0.137141625673636,1000,1000
"sw_gaussian","stanli","laplace",1,"b_z",-0.0601634512866116,0.15198671362532,1000,1000
"sw_gaussian","stanli","laplace",1,"sigma",0.850994231576695,0.0980377804070396,1000,1000
"sw_gaussian","stanli","laplace",2,"b_Intercept",0.0446370659539702,0.133764275484104,1000,1000
"sw_gaussian","stanli","laplace",2,"b_x",0.103101832822406,0.136079084427189,1000,1000
"sw_gaussian","stanli","laplace",2,"b_z",-0.06867842010041,0.151489631833486,1000,1000
"sw_gaussian","stanli","laplace",2,"sigma",0.851192283118148,0.0958653152581059,1000,1000
"sw_gaussian","stanli","laplace",3,"b_Intercept",0.0410722742703916,0.138125777145007,1000,1000
"sw_gaussian","stanli","laplace",3,"b_x",0.111282093091357,0.132915071031632,1000,1000
"sw_gaussian","stanli","laplace",3,"b_z",-0.0677181852802237,0.148661186403772,1000,1000
"sw_gaussian","stanli","laplace",3,"sigma",0.851372667056039,0.0965482190429128,1000,1000
"sw_gaussian","stanli","laplace",4,"b_Intercept",0.0487048082847795,0.135507587109966,1000,1000
"sw_gaussian","stanli","laplace",4,"b_x",0.102023865677082,0.13188075667325,1000,1000
"sw_gaussian","stanli","laplace",4,"b_z",-0.0697254021620009,0.15172546244819,1000,1000
"sw_gaussian","stanli","laplace",4,"sigma",0.851095353405515,0.0972216588570005,1000,1000
"sw_gaussian","stanli","laplace",5,"b_Intercept",0.0587435579971703,0.137708797626048,1000,1000
"sw_gaussian","stanli","laplace",5,"b_x",0.103075987373389,0.133633349404031,1000,1000
"sw_gaussian","stanli","laplace",5,"b_z",-0.0673636236127091,0.153319307399522,1000,1000
"sw_gaussian","stanli","laplace",5,"sigma",0.851574516340586,0.0947617523303628,1000,1000
"sw_gaussian","rstan","meanfield",1,"b_Intercept",-0.011151257486,0.13864792314237,1000,1000
"sw_gaussian","rstan","meanfield",1,"b_x",0.0311678120156,0.182155871190181,1000,1000
"sw_gaussian","rstan","meanfield",1,"b_z",-0.0592071327171,0.164107210567213,1000,1000
"sw_gaussian","rstan","meanfield",1,"sigma",0.842455471,0.109167899715115,1000,1000
"sw_gaussian","rstan","meanfield",2,"b_Intercept",0.120209034862,0.159878579925726,1000,1000
"sw_gaussian","rstan","meanfield",2,"b_x",0.0032200782438,0.124243540524423,1000,1000
"sw_gaussian","rstan","meanfield",2,"b_z",-0.154028751156,0.151165442436729,1000,1000
"sw_gaussian","rstan","meanfield",2,"sigma",0.914057003,0.110102002770118,1000,1000
"sw_gaussian","rstan","meanfield",3,"b_Intercept",0.132140776811,0.139464094999172,1000,1000
"sw_gaussian","rstan","meanfield",3,"b_x",0.1413575996925,0.138278033288273,1000,1000
"sw_gaussian","rstan","meanfield",3,"b_z",-0.043160630172,0.153343014570755,1000,1000
"sw_gaussian","rstan","meanfield",3,"sigma",0.914520761,0.104511942745182,1000,1000
"sw_gaussian","rstan","meanfield",4,"b_Intercept",0.031537938258,0.139352738920955,1000,1000
"sw_gaussian","rstan","meanfield",4,"b_x",0.133001200592,0.126697371538618,1000,1000
"sw_gaussian","rstan","meanfield",4,"b_z",-0.079657191628,0.21533732402838,1000,1000
"sw_gaussian","rstan","meanfield",4,"sigma",0.990811348,0.100979017808387,1000,1000
"sw_gaussian","rstan","meanfield",5,"b_Intercept",0.065381557056,0.193388562957024,1000,1000
"sw_gaussian","rstan","meanfield",5,"b_x",0.09607568212,0.17983647723354,1000,1000
"sw_gaussian","rstan","meanfield",5,"b_z",-0.0629265294756,0.196569575521774,1000,1000
"sw_gaussian","rstan","meanfield",5,"sigma",0.933294126,0.130432422247482,1000,1000
"sw_gaussian","rstan","fullrank",1,"b_Intercept",0.063367359769,0.13588331456541,1000,1000
"sw_gaussian","rstan","fullrank",1,"b_x",0.106383296149,0.137570987015023,1000,1000
"sw_gaussian","rstan","fullrank",1,"b_z",-0.089103367328,0.170095244279146,1000,1000
"sw_gaussian","rstan","fullrank",1,"sigma",0.911845343,0.110154418677653,1000,1000
"sw_gaussian","rstan","fullrank",2,"b_Intercept",0.0481930160357,0.164135457146799,1000,1000
"sw_gaussian","rstan","fullrank",2,"b_x",0.0997724274117,0.168690356768472,1000,1000
"sw_gaussian","rstan","fullrank",2,"b_z",-0.062977638165,0.172589346153168,1000,1000
"sw_gaussian","rstan","fullrank",2,"sigma",0.897414569,0.104605435242379,1000,1000
"sw_gaussian","rstan","fullrank",3,"b_Intercept",0.066556557408,0.178479283753971,1000,1000
"sw_gaussian","rstan","fullrank",3,"b_x",0.112209234699,0.14711143815183,1000,1000
"sw_gaussian","rstan","fullrank",3,"b_z",-0.065703398258,0.187327211634385,1000,1000
"sw_gaussian","rstan","fullrank",3,"sigma",0.88432513,0.0917662681323046,1000,1000
"sw_gaussian","rstan","fullrank",4,"b_Intercept",-0.0215955082584,0.0950729954639618,1000,1000
"sw_gaussian","rstan","fullrank",4,"b_x",0.152818958802,0.135026023413002,1000,1000
"sw_gaussian","rstan","fullrank",4,"b_z",-0.1307750863622,0.17251807945697,1000,1000
"sw_gaussian","rstan","fullrank",4,"sigma",0.929476368,0.110904220763087,1000,1000
"sw_gaussian","rstan","fullrank",5,"b_Intercept",0.0561575853901,0.158527043393135,1000,1000
"sw_gaussian","rstan","fullrank",5,"b_x",0.0920641172162,0.141409901384583,1000,1000
"sw_gaussian","rstan","fullrank",5,"b_z",-0.096169441454,0.151983364397605,1000,1000
"sw_gaussian","rstan","fullrank",5,"sigma",0.908754512,0.116123455096701,1000,1000
"sw_bernoulli","stanli","sampling",1,"b_Intercept",-0.209851454606474,0.335557170804748,4000,3957
"sw_bernoulli","stanli","sampling",1,"b_x",0.00200882442809278,0.346717363693595,4000,3957
"sw_bernoulli","stanli","sampling",1,"b_z",0.0838668711403117,0.389353152396586,4000,3957
"sw_bernoulli","stanli","meanfield",1,"b_Intercept",-0.0807511437011531,0.320733699920018,1000,1000
"sw_bernoulli","stanli","meanfield",1,"b_x",-0.0567869217372623,0.352285211237602,1000,1000
"sw_bernoulli","stanli","meanfield",1,"b_z",0.042186799130886,0.422965182600546,1000,1000
"sw_bernoulli","stanli","meanfield",2,"b_Intercept",-0.20767072831745,0.317359334851304,1000,1000
"sw_bernoulli","stanli","meanfield",2,"b_x",0.0865464851019908,0.310937865090808,1000,1000
"sw_bernoulli","stanli","meanfield",2,"b_z",0.14501358528203,0.397941481535344,1000,1000
"sw_bernoulli","stanli","meanfield",3,"b_Intercept",-0.205811164398902,0.325567152425659,1000,1000
"sw_bernoulli","stanli","meanfield",3,"b_x",-0.143185537945166,0.32876038422643,1000,1000
"sw_bernoulli","stanli","meanfield",3,"b_z",0.110038471107107,0.372735928237573,1000,1000
"sw_bernoulli","stanli","meanfield",4,"b_Intercept",-0.239529291525007,0.33635247895918,1000,1000
"sw_bernoulli","stanli","meanfield",4,"b_x",0.0372938884903389,0.30837558373721,1000,1000
"sw_bernoulli","stanli","meanfield",4,"b_z",-0.016954533119388,0.380991998527233,1000,1000
"sw_bernoulli","stanli","meanfield",5,"b_Intercept",-0.160388013162431,0.318209412852731,1000,1000
"sw_bernoulli","stanli","meanfield",5,"b_x",-0.0565926021621971,0.325623919257091,1000,1000
"sw_bernoulli","stanli","meanfield",5,"b_z",0.219792995221698,0.404031359198039,1000,1000
"sw_bernoulli","stanli","fullrank",1,"b_Intercept",-0.0928902075924468,0.371212267336954,1000,1000
"sw_bernoulli","stanli","fullrank",1,"b_x",0.0585406120546299,0.372551400378553,1000,1000
"sw_bernoulli","stanli","fullrank",1,"b_z",0.0408256909323268,0.514878065074652,1000,1000
"sw_bernoulli","stanli","fullrank",2,"b_Intercept",-0.254675983510932,0.290978618964035,1000,1000
"sw_bernoulli","stanli","fullrank",2,"b_x",0.0592149780848942,0.293334976382092,1000,1000
"sw_bernoulli","stanli","fullrank",2,"b_z",0.105038817563037,0.476975816255711,1000,1000
"sw_bernoulli","stanli","fullrank",3,"b_Intercept",-0.136291492587434,0.342263821274647,1000,1000
"sw_bernoulli","stanli","fullrank",3,"b_x",-0.140022977958744,0.378840636788945,1000,1000
"sw_bernoulli","stanli","fullrank",3,"b_z",0.020206864236009,0.414285521602733,1000,1000
"sw_bernoulli","stanli","fullrank",4,"b_Intercept",-0.256037271443645,0.345254094238782,1000,1000
"sw_bernoulli","stanli","fullrank",4,"b_x",0.0791660213949902,0.288019737491823,1000,1000
"sw_bernoulli","stanli","fullrank",4,"b_z",0.187156052026633,0.447039879205004,1000,1000
"sw_bernoulli","stanli","fullrank",5,"b_Intercept",-0.120254526799248,0.246361467742674,1000,1000
"sw_bernoulli","stanli","fullrank",5,"b_x",0.0295478491616072,0.377058963932723,1000,1000
"sw_bernoulli","stanli","fullrank",5,"b_z",-0.0855274786518585,0.539032073917112,1000,1000
"sw_bernoulli","stanli","pathfinder",1,"b_Intercept",-0.206165484245067,0.298345014023093,1000,1000
"sw_bernoulli","stanli","pathfinder",1,"b_x",-0.0169821502120285,0.310165025437678,1000,1000
"sw_bernoulli","stanli","pathfinder",1,"b_z",0.0847579870019026,0.354830638964859,1000,1000
"sw_bernoulli","stanli","pathfinder",2,"b_Intercept",-0.225115362570344,0.329966655272535,1000,1000
"sw_bernoulli","stanli","pathfinder",2,"b_x",0.00712216832724024,0.331340595145617,1000,1000
"sw_bernoulli","stanli","pathfinder",2,"b_z",0.0839010563633023,0.36260391060427,1000,1000
"sw_bernoulli","stanli","pathfinder",3,"b_Intercept",-0.209993113660117,0.338851042789536,1000,1000
"sw_bernoulli","stanli","pathfinder",3,"b_x",-0.00359772299656866,0.323730580643506,1000,1000
"sw_bernoulli","stanli","pathfinder",3,"b_z",0.077416544906656,0.39797243407619,1000,1000
"sw_bernoulli","stanli","pathfinder",4,"b_Intercept",-0.220243526005141,0.352946398352715,1000,1000
"sw_bernoulli","stanli","pathfinder",4,"b_x",-0.0530203155989696,0.355255201917983,1000,1000
"sw_bernoulli","stanli","pathfinder",4,"b_z",0.0577066160383839,0.410316184932312,1000,1000
"sw_bernoulli","stanli","pathfinder",5,"b_Intercept",-0.19688264811577,0.337543481299743,1000,1000
"sw_bernoulli","stanli","pathfinder",5,"b_x",0.00552358237125076,0.310063288150618,1000,1000
"sw_bernoulli","stanli","pathfinder",5,"b_z",0.109421661976716,0.364815038537825,1000,1000
"sw_bernoulli","stanli","laplace",1,"b_Intercept",-0.204836421879005,0.323192969142244,1000,1000
"sw_bernoulli","stanli","laplace",1,"b_x",-0.000667365322819572,0.333683847621058,1000,1000
"sw_bernoulli","stanli","laplace",1,"b_z",0.0783853649906528,0.35717443063156,1000,1000
"sw_bernoulli","stanli","laplace",2,"b_Intercept",-0.223749173403362,0.321620182295314,1000,1000
"sw_bernoulli","stanli","laplace",2,"b_x",0.0146949998409915,0.321699736060287,1000,1000
"sw_bernoulli","stanli","laplace",2,"b_z",0.0699105174609678,0.365458378045151,1000,1000
"sw_bernoulli","stanli","laplace",3,"b_Intercept",-0.212793012182883,0.329368177365588,1000,1000
"sw_bernoulli","stanli","laplace",3,"b_x",0.00628631411112343,0.319686761970872,1000,1000
"sw_bernoulli","stanli","laplace",3,"b_z",0.0779984143464185,0.365602516842373,1000,1000
"sw_bernoulli","stanli","laplace",4,"b_Intercept",-0.211277222969071,0.324010095668933,1000,1000
"sw_bernoulli","stanli","laplace",4,"b_x",-0.00773715945800618,0.313923952929322,1000,1000
"sw_bernoulli","stanli","laplace",4,"b_z",0.08002310596589,0.354392210533243,1000,1000
"sw_bernoulli","stanli","laplace",5,"b_Intercept",-0.209223023580445,0.320880434500615,1000,1000
"sw_bernoulli","stanli","laplace",5,"b_x",0.0110893143851391,0.328798863412675,1000,1000
"sw_bernoulli","stanli","laplace",5,"b_z",0.0821196783563007,0.354272209050943,1000,1000
"sw_bernoulli","rstan","meanfield",1,"b_Intercept",-0.08075114819,0.32073371367012,1000,1000
"sw_bernoulli","rstan","meanfield",1,"b_x",-0.056786917586,0.352285207211626,1000,1000
"sw_bernoulli","rstan","meanfield",1,"b_z",0.04218681303,0.422965164190306,1000,1000
"sw_bernoulli","rstan","meanfield",2,"b_Intercept",-0.207670752124,0.317359375937815,1000,1000
"sw_bernoulli","rstan","meanfield",2,"b_x",0.086546497252,0.310937882977586,1000,1000
"sw_bernoulli","rstan","meanfield",2,"b_z",0.145013585217,0.397941506537323,1000,1000
"sw_bernoulli","rstan","meanfield",3,"b_Intercept",-0.205811167484,0.325567107365585,1000,1000
"sw_bernoulli","rstan","meanfield",3,"b_x",-0.143185519236,0.328760368714296,1000,1000
"sw_bernoulli","rstan","meanfield",3,"b_z",0.11003846852,0.372735897043452,1000,1000
"sw_bernoulli","rstan","meanfield",4,"b_Intercept",-0.239529286446,0.336352478152491,1000,1000
"sw_bernoulli","rstan","meanfield",4,"b_x",0.037293889045,0.308375588458772,1000,1000
"sw_bernoulli","rstan","meanfield",4,"b_z",-0.0169545441576,0.380991997162199,1000,1000
"sw_bernoulli","rstan","meanfield",5,"b_Intercept",-0.1603880058765,0.318209412300285,1000,1000
"sw_bernoulli","rstan","meanfield",5,"b_x",-0.056592590938,0.325623930686715,1000,1000
"sw_bernoulli","rstan","meanfield",5,"b_z",0.219792974607,0.404031325158916,1000,1000
"sw_bernoulli","rstan","fullrank",1,"b_Intercept",-0.092890205541,0.37121221522549,1000,1000
"sw_bernoulli","rstan","fullrank",1,"b_x",0.058540614785,0.372551429700521,1000,1000
"sw_bernoulli","rstan","fullrank",1,"b_z",0.040825744607,0.514878125524882,1000,1000
"sw_bernoulli","rstan","fullrank",2,"b_Intercept",-0.25467599921,0.290978625579252,1000,1000
"sw_bernoulli","rstan","fullrank",2,"b_x",0.05921497723,0.293334973290383,1000,1000
"sw_bernoulli","rstan","fullrank",2,"b_z",0.105038827946,0.476975838390757,1000,1000
"sw_bernoulli","rstan","fullrank",3,"b_Intercept",-0.136291468082,0.34226378261574,1000,1000
"sw_bernoulli","rstan","fullrank",3,"b_x",-0.14002297021,0.378840672359142,1000,1000
"sw_bernoulli","rstan","fullrank",3,"b_z",0.02020683984,0.414285515876184,1000,1000
"sw_bernoulli","rstan","fullrank",4,"b_Intercept",-0.2560372719455,0.345254074815639,1000,1000
"sw_bernoulli","rstan","fullrank",4,"b_x",0.0791660161543,0.288019734949718,1000,1000
"sw_bernoulli","rstan","fullrank",4,"b_z",0.18715610882,0.44703996598864,1000,1000
"sw_bernoulli","rstan","fullrank",5,"b_Intercept",-0.120254522137,0.246361454955019,1000,1000
"sw_bernoulli","rstan","fullrank",5,"b_x",0.0295478490299,0.377058953012074,1000,1000
"sw_bernoulli","rstan","fullrank",5,"b_z",-0.085527487226,0.539032148314442,1000,1000
"sw_poisson","stanli","sampling",1,"b_Intercept",1.15402724715829,0.092743264376554,4000,3954
"sw_poisson","stanli","sampling",1,"b_x",-5.46913801034483e-05,0.0884601491230318,4000,3954
"sw_poisson","stanli","sampling",1,"b_z",0.0017832217945103,0.101269430882909,4000,3954
"sw_poisson","stanli","meanfield",1,"b_Intercept",1.15045177769064,0.0877282685307847,1000,1000
"sw_poisson","stanli","meanfield",1,"b_x",0.0586899174468142,0.0823145677026103,1000,1000
"sw_poisson","stanli","meanfield",1,"b_z",-0.0289761461900247,0.183072492037206,1000,1000
"sw_poisson","stanli","meanfield",2,"b_Intercept",1.13620296142618,0.135023045759848,1000,1000
"sw_poisson","stanli","meanfield",2,"b_x",-0.011413785724913,0.126580875030994,1000,1000
"sw_poisson","stanli","meanfield",2,"b_z",-0.0335173319069587,0.164059380669924,1000,1000
"sw_poisson","stanli","meanfield",3,"b_Intercept",1.09213140316633,0.0929678232644225,1000,1000
"sw_poisson","stanli","meanfield",3,"b_x",0.0542482150666986,0.0894557218780893,1000,1000
"sw_poisson","stanli","meanfield",3,"b_z",0.10034012271222,0.11463337995441,1000,1000
"sw_poisson","stanli","meanfield",4,"b_Intercept",1.15014150969464,0.0867752296996062,1000,1000
"sw_poisson","stanli","meanfield",4,"b_x",0.0257483757229849,0.0943508078479025,1000,1000
"sw_poisson","stanli","meanfield",4,"b_z",0.0666422127072788,0.0738136368956634,1000,1000
"sw_poisson","stanli","meanfield",5,"b_Intercept",1.0883027955665,0.0836451903112351,1000,1000
"sw_poisson","stanli","meanfield",5,"b_x",-0.0373064615354005,0.0699674219133956,1000,1000
"sw_poisson","stanli","meanfield",5,"b_z",-0.0546172051970799,0.0978984824783112,1000,1000
"sw_poisson","stanli","fullrank",1,"b_Intercept",1.12658603764959,0.0885277802652213,1000,1000
"sw_poisson","stanli","fullrank",1,"b_x",-0.00346581423411683,0.0968536776284352,1000,1000
"sw_poisson","stanli","fullrank",1,"b_z",0.0111379299732142,0.0915196723237359,1000,1000
"sw_poisson","stanli","fullrank",2,"b_Intercept",1.13789051766152,0.0885485894313036,1000,1000
"sw_poisson","stanli","fullrank",2,"b_x",0.00240012816471061,0.103514919148661,1000,1000
"sw_poisson","stanli","fullrank",2,"b_z",0.00891903432290795,0.116660989945311,1000,1000
"sw_poisson","stanli","fullrank",3,"b_Intercept",1.1311099904366,0.110702124346108,1000,1000
"sw_poisson","stanli","fullrank",3,"b_x",-0.0147646576703374,0.0912207730347073,1000,1000
"sw_poisson","stanli","fullrank",3,"b_z",0.0221761678212847,0.0873981513307321,1000,1000
"sw_poisson","stanli","fullrank",4,"b_Intercept",1.13093576198738,0.0818441950014449,1000,1000
"sw_poisson","stanli","fullrank",4,"b_x",0.00184773357116053,0.100873982401821,1000,1000
"sw_poisson","stanli","fullrank",4,"b_z",-0.000124746547382093,0.130669485587563,1000,1000
"sw_poisson","stanli","fullrank",5,"b_Intercept",1.12905617165275,0.0744996766434227,1000,1000
"sw_poisson","stanli","fullrank",5,"b_x",-0.0205308355345662,0.097262814920399,1000,1000
"sw_poisson","stanli","fullrank",5,"b_z",-0.00524368196183215,0.0976948994822171,1000,1000
"sw_poisson","stanli","pathfinder",1,"b_Intercept",1.16501343439983,0.0975907808590778,1000,1000
"sw_poisson","stanli","pathfinder",1,"b_x",-0.00952135006058001,0.0882187141695956,1000,1000
"sw_poisson","stanli","pathfinder",1,"b_z",0.0125634624413214,0.069304588142664,1000,1000
"sw_poisson","stanli","pathfinder",2,"b_Intercept",1.15812902613649,0.0926263212932432,1000,1000
"sw_poisson","stanli","pathfinder",2,"b_x",0.0013904590487673,0.0923039560158247,1000,1000
"sw_poisson","stanli","pathfinder",2,"b_z",0.00311153709655086,0.100307135944929,1000,1000
"sw_poisson","stanli","pathfinder",3,"b_Intercept",1.16039886940644,0.0920246127249117,1000,1000
"sw_poisson","stanli","pathfinder",3,"b_x",-0.0021723754230664,0.104526538645428,1000,1000
"sw_poisson","stanli","pathfinder",3,"b_z",0.00201967163749273,0.109240122942399,1000,1000
"sw_poisson","stanli","pathfinder",4,"b_Intercept",1.15960717938874,0.0951424108117918,1000,1000
"sw_poisson","stanli","pathfinder",4,"b_x",-0.00207656922403804,0.0906951606756131,1000,1000
"sw_poisson","stanli","pathfinder",4,"b_z",0.00270990084605098,0.103646595761145,1000,1000
"sw_poisson","stanli","pathfinder",5,"b_Intercept",1.16450045175973,0.102277877694207,1000,1000
"sw_poisson","stanli","pathfinder",5,"b_x",-0.000500617148647328,0.0875664519526417,1000,1000
"sw_poisson","stanli","pathfinder",5,"b_z",0.0127766092455003,0.103173318288856,1000,1000
"sw_poisson","stanli","laplace",1,"b_Intercept",1.16327491266376,0.0905965295659418,1000,1000
"sw_poisson","stanli","laplace",1,"b_x",-0.00132157397791693,0.0928480448248784,1000,1000
"sw_poisson","stanli","laplace",1,"b_z",0.00381437762275828,0.0991937317767911,1000,1000
"sw_poisson","stanli","laplace",2,"b_Intercept",1.15802100427849,0.0901501834357474,1000,1000
"sw_poisson","stanli","laplace",2,"b_x",0.00292538699496121,0.0895067874450968,1000,1000
"sw_poisson","stanli","laplace",2,"b_z",0.00146946807721905,0.101494606613322,1000,1000
"sw_poisson","stanli","laplace",3,"b_Intercept",1.16106416788885,0.0923219623950329,1000,1000
"sw_poisson","stanli","laplace",3,"b_x",0.000579643185957331,0.0889467899976845,1000,1000
"sw_poisson","stanli","laplace",3,"b_z",0.00370766212880723,0.10153220022133,1000,1000
"sw_poisson","stanli","laplace",4,"b_Intercept",1.16148028700403,0.0908330621474655,1000,1000
"sw_poisson","stanli","laplace",4,"b_x",-0.00330786065405248,0.0873534803661871,1000,1000
"sw_poisson","stanli","laplace",4,"b_z",0.00428595006301029,0.0984178580197071,1000,1000
"sw_poisson","stanli","laplace",5,"b_Intercept",1.16210441809717,0.0899566571626731,1000,1000
"sw_poisson","stanli","laplace",5,"b_x",0.00193455476837363,0.0914939026507788,1000,1000
"sw_poisson","stanli","laplace",5,"b_z",0.00486223117820516,0.0983891690815073,1000,1000
"sw_negbinomial","stanli","sampling",1,"b_Intercept",1.17112762976737,0.146372019362591,4000,3613
"sw_negbinomial","stanli","sampling",1,"b_x",-0.120666157829574,0.139962583977044,4000,3613
"sw_negbinomial","stanli","sampling",1,"b_z",0.0831313513285323,0.151898920239605,4000,3613
"sw_negbinomial","stanli","sampling",1,"shape",3.7001377121027e+29,4.88232393327506e+29,4000,3613
"sw_negbinomial","stanli","meanfield",1,"b_Intercept",1.13169289838472,0.0891229507265479,1000,1000
"sw_negbinomial","stanli","meanfield",1,"b_x",0.0508731640970535,0.0990091848110131,1000,1000
"sw_negbinomial","stanli","meanfield",1,"b_z",0.0434231815101883,0.09803277513276,1000,1000
"sw_negbinomial","stanli","meanfield",1,"shape",507.942563258496,1465.01148224611,1000,1000
"sw_negbinomial","stanli","meanfield",2,"b_Intercept",1.14267368349488,0.100218891647312,1000,1000
"sw_negbinomial","stanli","meanfield",2,"b_x",0.0468059419478795,0.0862127291694255,1000,1000
"sw_negbinomial","stanli","meanfield",2,"b_z",0.0385138762569564,0.0998731368883692,1000,1000
"sw_negbinomial","stanli","meanfield",2,"shape",330.396913870307,974.285568806829,1000,1000
"sw_negbinomial","stanli","meanfield",3,"b_Intercept",1.07495981939789,0.10232602996777,1000,1000
"sw_negbinomial","stanli","meanfield",3,"b_x",0.0341028841950698,0.0908276237982512,1000,1000
"sw_negbinomial","stanli","meanfield",3,"b_z",0.0615346537622374,0.0941648028863216,1000,1000
"sw_negbinomial","stanli","meanfield",3,"shape",252.200432470359,526.073382334432,1000,1000
"sw_negbinomial","stanli","meanfield",4,"b_Intercept",1.17013250850816,0.0831992607742186,1000,1000
"sw_negbinomial","stanli","meanfield",4,"b_x",-0.0329720488834906,0.0795357334986351,1000,1000
"sw_negbinomial","stanli","meanfield",4,"b_z",0.0147954228479958,0.0922655684582085,1000,1000
"sw_negbinomial","stanli","meanfield",4,"shape",484.80239210667,1534.69129216931,1000,1000
"sw_negbinomial","stanli","meanfield",5,"b_Intercept",1.16374456879827,0.0759564138822931,1000,1000
"sw_negbinomial","stanli","meanfield",5,"b_x",-0.0524204732992785,0.087090849843845,1000,1000
"sw_negbinomial","stanli","meanfield",5,"b_z",-0.0303106473137592,0.10932426861584,1000,1000
"sw_negbinomial","stanli","meanfield",5,"shape",396.400819301486,1053.06768864784,1000,1000
"sw_negbinomial","stanli","fullrank",1,"b_Intercept",0.904117956526038,0.458216922271214,1000,1000
"sw_negbinomial","stanli","fullrank",1,"b_x",-0.601103781048927,0.0862236960648555,1000,1000
"sw_negbinomial","stanli","fullrank",1,"b_z",0.123361378924955,0.415016756696746,1000,1000
"sw_negbinomial","stanli","fullrank",1,"shape",7.66915806469643,14.0592240612074,1000,1000
"sw_negbinomial","stanli","fullrank",2,"b_Intercept",1.19411434824755,0.143443209087617,1000,1000
"sw_negbinomial","stanli","fullrank",2,"b_x",-0.0319319747826804,0.144004312686063,1000,1000
"sw_negbinomial","stanli","fullrank",2,"b_z",0.0202093260855873,0.176119575285458,1000,1000
"sw_negbinomial","stanli","fullrank",2,"shape",235.010841712765,684.676681268661,1000,1000
"sw_negbinomial","stanli","fullrank",3,"b_Intercept",1.16437313194903,0.0893434068390794,1000,1000
"sw_negbinomial","stanli","fullrank",3,"b_x",0.00290426335864057,0.0927536100688779,1000,1000
"sw_negbinomial","stanli","fullrank",3,"b_z",-0.0413980005607519,0.213917922680443,1000,1000
"sw_negbinomial","stanli","fullrank",3,"shape",188.223376113096,351.124578518317,1000,1000
"sw_negbinomial","stanli","fullrank",5,"b_Intercept",1.18408536383537,0.136248431847621,1000,1000
"sw_negbinomial","stanli","fullrank",5,"b_x",-0.0404982559915779,0.102699444263843,1000,1000
"sw_negbinomial","stanli","fullrank",5,"b_z",-0.00919807968008555,0.169575555299232,1000,1000
"sw_negbinomial","stanli","fullrank",5,"shape",300.494071544641,678.93458287982,1000,1000
"sw_negbinomial","stanli","pathfinder",1,"b_Intercept",1.15814076318634,0.105070178893219,1000,1000
"sw_negbinomial","stanli","pathfinder",1,"b_x",0.00343997291024561,0.112522492865913,1000,1000
"sw_negbinomial","stanli","pathfinder",1,"b_z",0.00339211726104865,0.120852678015619,1000,1000
"sw_negbinomial","stanli","pathfinder",1,"shape",133.233096304276,324.269355885417,1000,1000
"sw_negbinomial","stanli","pathfinder",2,"b_Intercept",1.16022269168973,0.0972026698204186,1000,1000
"sw_negbinomial","stanli","pathfinder",2,"b_x",-0.00349223116768959,0.0960368330812906,1000,1000
"sw_negbinomial","stanli","pathfinder",2,"b_z",0.00939993245723145,0.104132783987467,1000,1000
"sw_negbinomial","stanli","pathfinder",2,"shape",156.323927578815,369.245981770032,1000,1000
"sw_negbinomial","stanli","pathfinder",3,"b_Intercept",1.16547167395976,0.0915730944361184,1000,1000
"sw_negbinomial","stanli","pathfinder",3,"b_x",-0.00381741205035317,0.0814975676646169,1000,1000
"sw_negbinomial","stanli","pathfinder",3,"b_z",0.0102513381385393,0.10322426898147,1000,1000
"sw_negbinomial","stanli","pathfinder",3,"shape",121.489207530706,290.311022482658,1000,1000
"sw_negbinomial","stanli","pathfinder",4,"b_Intercept",1.16487770621983,0.105949542551698,1000,1000
"sw_negbinomial","stanli","pathfinder",4,"b_x",-0.00892467595566836,0.10104939134661,1000,1000
"sw_negbinomial","stanli","pathfinder",4,"b_z",0.00970458865607103,0.125150789397415,1000,1000
"sw_negbinomial","stanli","pathfinder",4,"shape",111.53155750836,239.60695475993,1000,1000
"sw_negbinomial","stanli","pathfinder",5,"b_Intercept",1.16428426956192,0.105855341972316,1000,1000
"sw_negbinomial","stanli","pathfinder",5,"b_x",-0.00100095729489369,0.0926152229437068,1000,1000
"sw_negbinomial","stanli","pathfinder",5,"b_z",0.00814938687761294,0.144373265572266,1000,1000
"sw_negbinomial","stanli","pathfinder",5,"shape",91.8711670872047,168.277884714586,1000,1000
"sw_negbinomial","stanli","laplace",1,"b_Intercept",1.16470482617548,0.0936173837444216,1000,1000
"sw_negbinomial","stanli","laplace",1,"b_x",-0.00444987940395911,0.0938043514813827,1000,1000
"sw_negbinomial","stanli","laplace",1,"b_z",0.0125110508091134,0.103681876990881,1000,1000
"sw_negbinomial","stanli","laplace",1,"shape",155.152846645909,363.722903131373,1000,1000
"sw_negbinomial","stanli","laplace",2,"b_Intercept",1.15948528754062,0.0912866312887261,1000,1000
"sw_negbinomial","stanli","laplace",2,"b_x",-0.00351626606607109,0.093087230371049,1000,1000
"sw_negbinomial","stanli","laplace",2,"b_z",0.0067268009210518,0.103337944895264,1000,1000
"sw_negbinomial","stanli","laplace",2,"shape",155.826815467166,426.404910701185,1000,1000
"sw_negbinomial","stanli","laplace",3,"b_Intercept",1.15702490642543,0.0942664730440243,1000,1000
"sw_negbinomial","stanli","laplace",3,"b_x",0.0020848350978306,0.0909183623654192,1000,1000
"sw_negbinomial","stanli","laplace",3,"b_z",0.007379220419794,0.101409820375148,1000,1000
"sw_negbinomial","stanli","laplace",3,"shape",145.870350365847,315.879047676917,1000,1000
"sw_negbinomial","stanli","laplace",4,"b_Intercept",1.16225160963625,0.0924820745709778,1000,1000
"sw_negbinomial","stanli","laplace",4,"b_x",-0.0042397604387727,0.0902083662309601,1000,1000
"sw_negbinomial","stanli","laplace",4,"b_z",0.00599505113371969,0.103508824320693,1000,1000
"sw_negbinomial","stanli","laplace",4,"shape",161.147068166412,431.839006983232,1000,1000
"sw_negbinomial","stanli","laplace",5,"b_Intercept",1.16908714765382,0.0939801538486839,1000,1000
"sw_negbinomial","stanli","laplace",5,"b_x",-0.00351784776077036,0.0914082582479735,1000,1000
"sw_negbinomial","stanli","laplace",5,"b_z",0.00759282695279897,0.104601063499202,1000,1000
"sw_negbinomial","stanli","laplace",5,"shape",142.053357219402,332.891100534358,1000,1000
"sw_re_gauss","stanli","sampling",1,"b_Intercept",0.038333618406467,0.200081283494485,4000,3941
"sw_re_gauss","stanli","sampling",1,"b_x",0.0922469811981363,0.141544142487255,4000,3941
"sw_re_gauss","stanli","sampling",1,"sd_g__Intercept",0.268806135802503,0.257311007885739,4000,3941
"sw_re_gauss","stanli","sampling",1,"sigma",0.889420757868071,0.105048755852739,4000,3941
"sw_re_gauss","stanli","meanfield",1,"b_Intercept",-0.0301398524033911,0.136548286257367,1000,1000
"sw_re_gauss","stanli","meanfield",1,"b_x",0.141867180891042,0.148772795765738,1000,1000
"sw_re_gauss","stanli","meanfield",1,"sd_g__Intercept",0.136463852900874,0.0958578349709084,1000,1000
"sw_re_gauss","stanli","meanfield",1,"sigma",0.920950041427128,0.130223518410336,1000,1000
"sw_re_gauss","stanli","meanfield",2,"b_Intercept",0.00751925866179306,0.120862572707156,1000,1000
"sw_re_gauss","stanli","meanfield",2,"b_x",0.167460370593464,0.127318467821254,1000,1000
"sw_re_gauss","stanli","meanfield",2,"sd_g__Intercept",0.134070935073883,0.116383448279427,1000,1000
"sw_re_gauss","stanli","meanfield",2,"sigma",0.996090628144521,0.103890824306657,1000,1000
"sw_re_gauss","stanli","meanfield",4,"b_Intercept",0.0381401134252342,0.163893514287695,1000,1000
"sw_re_gauss","stanli","meanfield",4,"b_x",0.0602659126021181,0.136771988026797,1000,1000
"sw_re_gauss","stanli","meanfield",4,"sd_g__Intercept",0.184450375577825,0.178237907164106,1000,1000
"sw_re_gauss","stanli","meanfield",4,"sigma",0.901090348480286,0.141804955914344,1000,1000
"sw_re_gauss","stanli","meanfield",5,"b_Intercept",0.0474969846891795,0.176611200803023,1000,1000
"sw_re_gauss","stanli","meanfield",5,"b_x",0.139846902794763,0.125111523348023,1000,1000
"sw_re_gauss","stanli","meanfield",5,"sd_g__Intercept",0.132796302557593,0.128366955987315,1000,1000
"sw_re_gauss","stanli","meanfield",5,"sigma",0.912716935039572,0.104858797806722,1000,1000
"sw_re_gauss","stanli","fullrank",1,"b_Intercept",0.0680745415256626,0.208228125094224,1000,1000
"sw_re_gauss","stanli","fullrank",1,"b_x",0.0895822059650499,0.210893752619331,1000,1000
"sw_re_gauss","stanli","fullrank",1,"sd_g__Intercept",0.158057769571831,0.157395247347232,1000,1000
"sw_re_gauss","stanli","fullrank",1,"sigma",0.875827100336509,0.130580871947763,1000,1000
"sw_re_gauss","stanli","fullrank",2,"b_Intercept",0.0578818686383121,0.195835455814339,1000,1000
"sw_re_gauss","stanli","fullrank",2,"b_x",0.111510487352793,0.158833234489664,1000,1000
"sw_re_gauss","stanli","fullrank",2,"sd_g__Intercept",0.313298659163645,0.174256776751071,1000,1000
"sw_re_gauss","stanli","fullrank",2,"sigma",0.906891005648078,0.119188939324811,1000,1000
"sw_re_gauss","stanli","fullrank",3,"b_Intercept",-13.2081041549769,1.00340237781646,1000,1000
"sw_re_gauss","stanli","fullrank",3,"b_x",-19.735326911243,0.961693284560495,1000,1000
"sw_re_gauss","stanli","fullrank",3,"sd_g__Intercept",1.5113112860216e-08,2.25313907024554e-08,1000,1000
"sw_re_gauss","stanli","fullrank",3,"sigma",131082137.603747,149945398.618885,1000,1000
"sw_re_gauss","stanli","fullrank",4,"b_Intercept",0.0199948703749463,0.176624610446959,1000,1000
"sw_re_gauss","stanli","fullrank",4,"b_x",0.105355047167833,0.167736642010304,1000,1000
"sw_re_gauss","stanli","fullrank",4,"sd_g__Intercept",0.162258815381096,0.144006382137328,1000,1000
"sw_re_gauss","stanli","fullrank",4,"sigma",0.901799483303727,0.122194133297971,1000,1000
"sw_re_gauss","stanli","fullrank",5,"b_Intercept",0.047256421327532,0.278894387413476,1000,1000
"sw_re_gauss","stanli","fullrank",5,"b_x",0.105632337503166,0.167356080919156,1000,1000
"sw_re_gauss","stanli","fullrank",5,"sd_g__Intercept",0.527578488570561,0.259928422927013,1000,1000
"sw_re_gauss","stanli","fullrank",5,"sigma",0.905553833064126,0.100093842703752,1000,1000
"sw_re_gauss","stanli","pathfinder",1,"b_Intercept",0.0479416446743938,0.229302973337325,1000,1000
"sw_re_gauss","stanli","pathfinder",1,"b_x",0.0852854930597452,0.135154361644573,1000,1000
"sw_re_gauss","stanli","pathfinder",1,"sd_g__Intercept",0.543063613940796,0.145305235215632,1000,1000
"sw_re_gauss","stanli","pathfinder",1,"sigma",0.834399652391005,0.0950250475367899,1000,1000
"sw_re_gauss","stanli","pathfinder",2,"b_Intercept",0.0998423363284646,0.149756867931578,1000,1000
"sw_re_gauss","stanli","pathfinder",2,"b_x",0.0898281767054831,0.139139563051504,1000,1000
"sw_re_gauss","stanli","pathfinder",2,"sd_g__Intercept",0.306977836603367,0.102199825237548,1000,1000
"sw_re_gauss","stanli","pathfinder",2,"sigma",0.852963875991066,0.101884443476043,1000,1000
"sw_re_gauss","stanli","pathfinder",3,"b_Intercept",0.153440024005225,0.0671930915962809,1000,1000
"sw_re_gauss","stanli","pathfinder",3,"b_x",0.100253436878601,0.0785192609112182,1000,1000
"sw_re_gauss","stanli","pathfinder",3,"sd_g__Intercept",3.2458999475287,2.45260884670468,1000,1000
"sw_re_gauss","stanli","pathfinder",3,"sigma",0.818279142393484,0.0480054985964275,1000,1000
"sw_re_gauss","stanli","pathfinder",4,"b_Intercept",0.0477238848649705,0.23118353811094,1000,1000
"sw_re_gauss","stanli","pathfinder",4,"b_x",0.0918092615575689,0.155551962192235,1000,1000
"sw_re_gauss","stanli","pathfinder",4,"sd_g__Intercept",0.0923540517532987,0.0643071129836965,1000,1000
"sw_re_gauss","stanli","pathfinder",4,"sigma",0.843873668469185,0.10801139700523,1000,1000
"sw_re_gauss","stanli","pathfinder",5,"b_Intercept",0.101513886563765,0.165077782192244,1000,1000
"sw_re_gauss","stanli","pathfinder",5,"b_x",0.100230012993811,0.165277896020348,1000,1000
"sw_re_gauss","stanli","pathfinder",5,"sd_g__Intercept",0.653160801905075,0.204590931751481,1000,1000
"sw_re_gauss","stanli","pathfinder",5,"sigma",0.831789982008048,0.132921252284274,1000,1000
"sw_re_gauss","stanli","laplace",1,"b_Intercept",0.0474832113288005,1.029041308611,1000,1000
"sw_re_gauss","stanli","laplace",1,"b_x",0.102540986333547,0.14833071226408,1000,1000
"sw_re_gauss","stanli","laplace",1,"sd_g__Intercept",3.64695086906069,3.44945163034155,1000,1000
"sw_re_gauss","stanli","laplace",1,"sigma",0.826229935968636,0.0937209597250421,1000,1000
"sw_re_gauss","stanli","laplace",2,"b_Intercept",0.0842007410382707,1.01819339067135,1000,1000
"sw_re_gauss","stanli","laplace",2,"b_x",0.103996191033132,0.145941357032587,1000,1000
"sw_re_gauss","stanli","laplace",2,"sd_g__Intercept",3.43159330611663,3.12683796413711,1000,1000
"sw_re_gauss","stanli","laplace",2,"sigma",0.821386388588069,0.0917350066034923,1000,1000
"sw_re_gauss","stanli","laplace",3,"b_Intercept",0.0854979053620248,0.994948047422863,1000,1000
"sw_re_gauss","stanli","laplace",3,"b_x",0.104856826296495,0.140881735268063,1000,1000
"sw_re_gauss","stanli","laplace",3,"sd_g__Intercept",3.4996005323771,3.24465674041134,1000,1000
"sw_re_gauss","stanli","laplace",3,"sigma",0.826769250088866,0.0928125151913588,1000,1000
"sw_re_gauss","stanli","laplace",4,"b_Intercept",0.147222148826586,1.04285838138091,1000,1000
"sw_re_gauss","stanli","laplace",4,"b_x",0.100655315747392,0.145385585164437,1000,1000
"sw_re_gauss","stanli","laplace",4,"sd_g__Intercept",3.42133119209977,2.96537916298476,1000,1000
"sw_re_gauss","stanli","laplace",4,"sigma",0.824657665343482,0.0949088992446315,1000,1000
"sw_re_gauss","stanli","laplace",5,"b_Intercept",0.057685549737285,1.03686913472602,1000,1000
"sw_re_gauss","stanli","laplace",5,"b_x",0.11365977394372,0.147509129749698,1000,1000
"sw_re_gauss","stanli","laplace",5,"sd_g__Intercept",3.47732786393543,2.91381298939341,1000,1000
"sw_re_gauss","stanli","laplace",5,"sigma",0.828117532128496,0.0944845525473838,1000,1000
"sw_re_pois","stanli","sampling",1,"b_Intercept",1.14611437899498,0.141989789615966,4000,3847
"sw_re_pois","stanli","sampling",1,"b_x",0.0163417222746349,0.0930642952846003,4000,3847
"sw_re_pois","stanli","sampling",1,"sd_g__Intercept",0.206300643223751,0.189380480153269,4000,3847
"sw_re_pois","stanli","meanfield",1,"b_Intercept",1.11922504263259,0.0994696818013588,1000,1000
"sw_re_pois","stanli","meanfield",1,"b_x",-0.00993879083339007,0.0890640502055628,1000,1000
"sw_re_pois","stanli","meanfield",1,"sd_g__Intercept",0.105578727780279,0.05840959152416,1000,1000
"sw_re_pois","stanli","meanfield",2,"b_Intercept",1.08947611461191,0.100670285083426,1000,1000
"sw_re_pois","stanli","meanfield",2,"b_x",0.007515670592955,0.0971070286010996,1000,1000
"sw_re_pois","stanli","meanfield",2,"sd_g__Intercept",0.125206248269463,0.122509585795902,1000,1000
"sw_re_pois","stanli","meanfield",3,"b_Intercept",1.16446109603863,0.0889589130853683,1000,1000
"sw_re_pois","stanli","meanfield",3,"b_x",-0.0272601888528013,0.0863473079242896,1000,1000
"sw_re_pois","stanli","meanfield",3,"sd_g__Intercept",0.134817312635159,0.131187649008363,1000,1000
"sw_re_pois","stanli","meanfield",4,"b_Intercept",1.05914173347145,0.0887047912661466,1000,1000
"sw_re_pois","stanli","meanfield",4,"b_x",0.013514173265112,0.100548700524186,1000,1000
"sw_re_pois","stanli","meanfield",4,"sd_g__Intercept",0.125915768721111,0.111002716921176,1000,1000
"sw_re_pois","stanli","meanfield",5,"b_Intercept",1.10927622554672,0.0845797659210146,1000,1000
"sw_re_pois","stanli","meanfield",5,"b_x",0.0613495910483674,0.0890268868840943,1000,1000
"sw_re_pois","stanli","meanfield",5,"sd_g__Intercept",0.106556921635047,0.0704993210549871,1000,1000
"sw_re_pois","stanli","fullrank",1,"b_Intercept",1.04069514112842,0.134925281747364,1000,1000
"sw_re_pois","stanli","fullrank",1,"b_x",0.021304240591328,0.0788499818416983,1000,1000
"sw_re_pois","stanli","fullrank",1,"sd_g__Intercept",0.264539532436061,0.133112324828332,1000,1000
"sw_re_pois","stanli","fullrank",2,"b_Intercept",1.19249937034242,0.153886345787861,1000,1000
"sw_re_pois","stanli","fullrank",2,"b_x",-0.0212558106547213,0.102219356295707,1000,1000
"sw_re_pois","stanli","fullrank",2,"sd_g__Intercept",0.055293491928165,0.0999952874478372,1000,1000
"sw_re_pois","stanli","fullrank",3,"b_Intercept",1.08167547942037,0.134238811552656,1000,1000
"sw_re_pois","stanli","fullrank",3,"b_x",-0.0049725862929852,0.082488628493489,1000,1000
"sw_re_pois","stanli","fullrank",3,"sd_g__Intercept",0.116151206862794,0.103734615001789,1000,1000
"sw_re_pois","stanli","fullrank",4,"b_Intercept",1.0496444429287,0.161013760838929,1000,1000
"sw_re_pois","stanli","fullrank",4,"b_x",-0.00520659697624466,0.104030787751486,1000,1000
"sw_re_pois","stanli","fullrank",4,"sd_g__Intercept",0.187421637923986,0.110838001639859,1000,1000
"sw_re_pois","stanli","fullrank",5,"b_Intercept",-4.07254748857814,2.68241617953263,1000,1000
"sw_re_pois","stanli","fullrank",5,"b_x",0.750828501220473,0.651173403309026,1000,1000
"sw_re_pois","stanli","fullrank",5,"sd_g__Intercept",0.0849492135243879,0.34933036738743,1000,1000
"sw_re_pois","stanli","pathfinder",1,"b_Intercept",1.16073286787834,0.154335696176284,1000,1000
"sw_re_pois","stanli","pathfinder",1,"b_x",-0.00762206165876637,0.137861901167571,1000,1000
"sw_re_pois","stanli","pathfinder",1,"sd_g__Intercept",0.139703675876143,0.0690125603093232,1000,1000
"sw_re_pois","stanli","pathfinder",2,"b_Intercept",1.14818369265488,0.111056383233323,1000,1000
"sw_re_pois","stanli","pathfinder",2,"b_x",0.00782929133028784,0.100948041534887,1000,1000
"sw_re_pois","stanli","pathfinder",2,"sd_g__Intercept",0.166267988493267,0.1292489726743,1000,1000
"sw_re_pois","stanli","pathfinder",3,"b_Intercept",1.12239986220227,0.102730716702388,1000,1000
"sw_re_pois","stanli","pathfinder",3,"b_x",0.0156702260924265,0.0916540557150558,1000,1000
"sw_re_pois","stanli","pathfinder",3,"sd_g__Intercept",0.144240694788679,0.119249796549707,1000,1000
"sw_re_pois","stanli","pathfinder",4,"b_Intercept",1.06750275626521,0.115783159913945,1000,1000
"sw_re_pois","stanli","pathfinder",4,"b_x",0.0320979845729633,0.0954306581712494,1000,1000
"sw_re_pois","stanli","pathfinder",4,"sd_g__Intercept",0.213804444690727,0.107611692889397,1000,1000
"sw_re_pois","stanli","pathfinder",5,"b_Intercept",1.07040633369644,0.133291193421212,1000,1000
"sw_re_pois","stanli","pathfinder",5,"b_x",-0.00653475077379704,0.0941470370799728,1000,1000
"sw_re_pois","stanli","pathfinder",5,"sd_g__Intercept",0.164588446022768,0.0709702000897195,1000,1000
"sw_re_pois","stanli","laplace",1,"b_Intercept",1.10174892877111,1.04166000175095,1000,1000
"sw_re_pois","stanli","laplace",1,"b_x",0.0564973923604686,0.101329720064721,1000,1000
"sw_re_pois","stanli","laplace",1,"sd_g__Intercept",3.49188986573797,3.44862292773376,1000,1000
"sw_re_pois","stanli","laplace",2,"b_Intercept",1.10453671127844,1.00483884635499,1000,1000
"sw_re_pois","stanli","laplace",2,"b_x",0.0550534953253686,0.106281568804712,1000,1000
"sw_re_pois","stanli","laplace",2,"sd_g__Intercept",3.43144580934879,3.14555390510503,1000,1000
"sw_re_pois","stanli","laplace",3,"b_Intercept",1.13395329251473,1.04631961485791,1000,1000
"sw_re_pois","stanli","laplace",3,"b_x",0.0596331366815554,0.0992570791332451,1000,1000
"sw_re_pois","stanli","laplace",3,"sd_g__Intercept",3.30079388754332,2.89028847356577,1000,1000
"sw_re_pois","stanli","laplace",4,"b_Intercept",1.13181246537137,1.00248410277415,1000,1000
"sw_re_pois","stanli","laplace",4,"b_x",0.0611216231272949,0.100162800260229,1000,1000
"sw_re_pois","stanli","laplace",4,"sd_g__Intercept",3.32519303527906,2.97063085756078,1000,1000
"sw_re_pois","stanli","laplace",5,"b_Intercept",1.12801218546094,0.982909953862974,1000,1000
"sw_re_pois","stanli","laplace",5,"b_x",0.0569910098149045,0.100112417319525,1000,1000
"sw_re_pois","stanli","laplace",5,"sd_g__Intercept",3.4015056064225,2.92804740059088,1000,1000
"sw_re_pois","rstan","meanfield",1,"b_Intercept",1.119225094,0.0994695776504109,1000,1000
"sw_re_pois","rstan","meanfield",1,"b_x",-0.009938791914,0.0890640662824079,1000,1000
"sw_re_pois","rstan","meanfield",1,"sd_g__Intercept",0.1055787181,0.0584095839426565,1000,1000
"sw_re_pois","rstan","meanfield",2,"b_Intercept",1.089476204,0.10067028827859,1000,1000
"sw_re_pois","rstan","meanfield",2,"b_x",0.0075156772472,0.0971070237877829,1000,1000
"sw_re_pois","rstan","meanfield",2,"sd_g__Intercept",0.12520625272,0.122509597454847,1000,1000
"sw_re_pois","rstan","meanfield",3,"b_Intercept",1.164461061,0.0889588204113243,1000,1000
"sw_re_pois","rstan","meanfield",3,"b_x",-0.027260182473,0.0863472949014151,1000,1000
"sw_re_pois","rstan","meanfield",3,"sd_g__Intercept",0.13481731012,0.131187625599138,1000,1000
"sw_re_pois","rstan","meanfield",4,"b_Intercept",1.059141786,0.0887048028689553,1000,1000
"sw_re_pois","rstan","meanfield",4,"b_x",0.013514173101,0.100548703923736,1000,1000
"sw_re_pois","rstan","meanfield",4,"sd_g__Intercept",0.12591576646,0.111002692645064,1000,1000
"sw_re_pois","rstan","meanfield",5,"b_Intercept",1.109276238,0.0845796738414762,1000,1000
"sw_re_pois","rstan","meanfield",5,"b_x",0.06134959294522,0.0890268962473037,1000,1000
"sw_re_pois","rstan","meanfield",5,"sd_g__Intercept",0.1065569194,0.070499325351739,1000,1000
"sw_re_pois","rstan","fullrank",1,"b_Intercept",1.040695081,0.134925186984837,1000,1000
"sw_re_pois","rstan","fullrank",1,"b_x",0.0213042375054,0.0788499815723887,1000,1000
"sw_re_pois","rstan","fullrank",1,"sd_g__Intercept",0.2645395289,0.133112315231143,1000,1000
"sw_re_pois","rstan","fullrank",2,"b_Intercept",1.19249931,0.153886317538069,1000,1000
"sw_re_pois","rstan","fullrank",2,"b_x",-0.021255809999,0.102219356841915,1000,1000
"sw_re_pois","rstan","fullrank",2,"sd_g__Intercept",0.055293488203,0.0999952141248415,1000,1000
"sw_re_pois","rstan","fullrank",3,"b_Intercept",1.081675378,0.134238723884777,1000,1000
"sw_re_pois","rstan","fullrank",3,"b_x",-0.004972593101,0.0824886375396253,1000,1000
"sw_re_pois","rstan","fullrank",3,"sd_g__Intercept",0.11615120612,0.103734613774769,1000,1000
"sw_re_pois","rstan","fullrank",4,"b_Intercept",1.049644485,0.161013779099833,1000,1000
"sw_re_pois","rstan","fullrank",4,"b_x",-0.005206589802,0.104030801730811,1000,1000
"sw_re_pois","rstan","fullrank",4,"sd_g__Intercept",0.187421633,0.110838045318746,1000,1000
"sw_re_pois","rstan","fullrank",5,"b_Intercept",-4.0725474944,2.682415947406,1000,1000
"sw_re_pois","rstan","fullrank",5,"b_x",0.75082847201,0.651173462743179,1000,1000
"sw_re_pois","rstan","fullrank",5,"sd_g__Intercept",0.0849491813872,0.349330258027734,1000,1000
"i319_pois_re","stanli","sampling",1,"b_Intercept",1.77533851628969,0.120106114799828,4000,4000
"i319_pois_re","stanli","sampling",1,"b_zAge",0.092796157001067,0.0879744108751993,4000,4000
"i319_pois_re","stanli","sampling",1,"b_zBase",0.70144655616412,0.120767936986877,4000,4000
"i319_pois_re","stanli","sampling",1,"b_Trt1",-0.275610602033998,0.164248473540775,4000,4000
"i319_pois_re","stanli","sampling",1,"b_zBase:Trt1",0.0505836598627667,0.168602894600737,4000,4000
"i319_pois_re","stanli","sampling",1,"sd_patient__Intercept",0.583514899311465,0.0712905165551102,4000,4000
"i319_pois_re","stanli","meanfield",1,"b_Intercept",1.12641381061831,1.12411777779359,1000,1000
"i319_pois_re","stanli","meanfield",1,"b_zAge",1.62509867741805,0.475275785895104,1000,1000
"i319_pois_re","stanli","meanfield",1,"b_zBase",-0.164469689337625,0.574320575372942,1000,1000
"i319_pois_re","stanli","meanfield",1,"b_Trt1",-1.19547446103593,0.891525419174805,1000,1000
"i319_pois_re","stanli","meanfield",1,"b_zBase:Trt1",0.548114210910764,0.805850803377357,1000,1000
"i319_pois_re","stanli","meanfield",1,"sd_patient__Intercept",1.01157536335377,0.663503662540451,1000,1000
"i319_pois_re","stanli","meanfield",2,"b_Intercept",1.63746081893282,0.0353876674856102,1000,1000
"i319_pois_re","stanli","meanfield",2,"b_zAge",0.132350315436126,0.0254038058891146,1000,1000
"i319_pois_re","stanli","meanfield",2,"b_zBase",0.501060957693328,0.0127071003403176,1000,1000
"i319_pois_re","stanli","meanfield",2,"b_Trt1",-0.188127739420548,0.0510773718225176,1000,1000
"i319_pois_re","stanli","meanfield",2,"b_zBase:Trt1",0.368788461309813,0.0131303399064961,1000,1000
"i319_pois_re","stanli","meanfield",2,"sd_patient__Intercept",0.391541994908285,0.0142763872715509,1000,1000
"i319_pois_re","stanli","meanfield",3,"b_Intercept",-0.66027720712718,0.179701898081669,1000,1000
"i319_pois_re","stanli","meanfield",3,"b_zAge",-0.311187388318551,0.0905370860254786,1000,1000
"i319_pois_re","stanli","meanfield",3,"b_zBase",1.84941522985198,0.708823615176713,1000,1000
"i319_pois_re","stanli","meanfield",3,"b_Trt1",-1.44094733208181,0.304663941381216,1000,1000
"i319_pois_re","stanli","meanfield",3,"b_zBase:Trt1",1.93337855099763,0.644458836348611,1000,1000
"i319_pois_re","stanli","meanfield",3,"sd_patient__Intercept",0.593912014452702,0.376565145213646,1000,1000
"i319_pois_re","stanli","meanfield",4,"b_Intercept",1.64963173011724,1.17424950073755,1000,1000
"i319_pois_re","stanli","meanfield",4,"b_zAge",-0.850696901765061,0.598238575095949,1000,1000
"i319_pois_re","stanli","meanfield",4,"b_zBase",0.768262559190169,0.548473395020509,1000,1000
"i319_pois_re","stanli","meanfield",4,"b_Trt1",-1.4124123827833,0.746232594704177,1000,1000
"i319_pois_re","stanli","meanfield",4,"b_zBase:Trt1",-0.919949990308246,0.616635553196493,1000,1000
"i319_pois_re","stanli","meanfield",4,"sd_patient__Intercept",2.31256695642603,1.85242989702521,1000,1000
"i319_pois_re","stanli","meanfield",5,"b_Intercept",1.71807731152249,0.0312108691466603,1000,1000
"i319_pois_re","stanli","meanfield",5,"b_zAge",0.131526769331189,0.0320607656200244,1000,1000
"i319_pois_re","stanli","meanfield",5,"b_zBase",0.391277931198331,0.00963551029904425,1000,1000
"i319_pois_re","stanli","meanfield",5,"b_Trt1",-0.235992337488159,0.0415608421290213,1000,1000
"i319_pois_re","stanli","meanfield",5,"b_zBase:Trt1",0.396142607048611,0.012015191756408,1000,1000
"i319_pois_re","stanli","meanfield",5,"sd_patient__Intercept",0.534049139104394,0.0202384661236277,1000,1000
"i319_pois_re","stanli","fullrank",1,"b_Intercept",1.35437776396869,1.03743261628497,1000,1000
"i319_pois_re","stanli","fullrank",1,"b_zAge",1.20654920683778,0.685976380584849,1000,1000
"i319_pois_re","stanli","fullrank",1,"b_zBase",0.272861812694541,1.08377193438294,1000,1000
"i319_pois_re","stanli","fullrank",1,"b_Trt1",-0.691559495483202,1.34729783426821,1000,1000
"i319_pois_re","stanli","fullrank",1,"b_zBase:Trt1",1.21831931738985,1.18456778567005,1000,1000
"i319_pois_re","stanli","fullrank",1,"sd_patient__Intercept",1.85914667774479,1.9972813636757,1000,1000
"i319_pois_re","stanli","fullrank",2,"b_Intercept",1.8106180879382,0.286366480281282,1000,1000
"i319_pois_re","stanli","fullrank",2,"b_zAge",0.0379751765622759,0.209173305573545,1000,1000
"i319_pois_re","stanli","fullrank",2,"b_zBase",0.716907116843998,0.225873441980777,1000,1000
"i319_pois_re","stanli","fullrank",2,"b_Trt1",-0.314422586343773,0.296484810669669,1000,1000
"i319_pois_re","stanli","fullrank",2,"b_zBase:Trt1",-0.120079731348278,0.228614283054611,1000,1000
"i319_pois_re","stanli","fullrank",2,"sd_patient__Intercept",0.492757176672863,0.0210331898216489,1000,1000
"i319_pois_re","stanli","fullrank",3,"b_Intercept",1.34833134540301,1.03720359231991,1000,1000
"i319_pois_re","stanli","fullrank",3,"b_zAge",0.823533120337984,1.35947255648609,1000,1000
"i319_pois_re","stanli","fullrank",3,"b_zBase",0.583454626990417,0.915053693807536,1000,1000
"i319_pois_re","stanli","fullrank",3,"b_Trt1",-2.2028322725014,0.95530820309017,1000,1000
"i319_pois_re","stanli","fullrank",3,"b_zBase:Trt1",1.14273675956345,1.05852022220298,1000,1000
"i319_pois_re","stanli","fullrank",3,"sd_patient__Intercept",2.61678238224001,0.85689617677418,1000,1000
"i319_pois_re","stanli","fullrank",5,"b_Intercept",1.72058140687203,0.312969562123291,1000,1000
"i319_pois_re","stanli","fullrank",5,"b_zAge",0.24418114527924,0.17378815643417,1000,1000
"i319_pois_re","stanli","fullrank",5,"b_zBase",0.421120960345052,0.281467351063051,1000,1000
"i319_pois_re","stanli","fullrank",5,"b_Trt1",-0.289107768937914,0.293332406667194,1000,1000
"i319_pois_re","stanli","fullrank",5,"b_zBase:Trt1",0.358687982388528,0.272853417483939,1000,1000
"i319_pois_re","stanli","fullrank",5,"sd_patient__Intercept",0.472790353189366,0.0262218240338518,1000,1000
"i319_pois_re","stanli","pathfinder",1,"b_Intercept",1.77987119202222,0.049803913810712,1000,1000
"i319_pois_re","stanli","pathfinder",1,"b_zAge",0.0684459004724173,0.0391840522996089,1000,1000
"i319_pois_re","stanli","pathfinder",1,"b_zBase",0.743052526361902,0.0228639705517613,1000,1000
"i319_pois_re","stanli","pathfinder",1,"b_Trt1",-0.279671349322383,0.0810800226216378,1000,1000
"i319_pois_re","stanli","pathfinder",1,"b_zBase:Trt1",0.0408003820948992,0.0358578261647841,1000,1000
"i319_pois_re","stanli","pathfinder",1,"sd_patient__Intercept",0.829863381190983,0.0323193024261308,1000,1000
"i319_pois_re","stanli","pathfinder",2,"b_Intercept",1.76954037321809,0.039952510741016,1000,1000
"i319_pois_re","stanli","pathfinder",2,"b_zAge",0.0753587317815412,0.0238934623698467,1000,1000
"i319_pois_re","stanli","pathfinder",2,"b_zBase",0.647964132151458,0.0163949946114448,1000,1000
"i319_pois_re","stanli","pathfinder",2,"b_Trt1",-0.275885471458918,0.044569767390521,1000,1000
"i319_pois_re","stanli","pathfinder",2,"b_zBase:Trt1",0.0972259372530485,0.0150807361200573,1000,1000
"i319_pois_re","stanli","pathfinder",2,"sd_patient__Intercept",1.35269661945788,0.0670751811005377,1000,1000
"i319_pois_re","stanli","pathfinder",4,"b_Intercept",1.75910938334428,0.0549889355397986,1000,1000
"i319_pois_re","stanli","pathfinder",4,"b_zAge",0.0564775357211575,0.0209608291368269,1000,1000
"i319_pois_re","stanli","pathfinder",4,"b_zBase",0.661867312442318,0.0172711248856906,1000,1000
"i319_pois_re","stanli","pathfinder",4,"b_Trt1",-0.344847286131519,0.0618010866455294,1000,1000
"i319_pois_re","stanli","pathfinder",4,"b_zBase:Trt1",0.131450348764367,0.0350158892235489,1000,1000
"i319_pois_re","stanli","pathfinder",4,"sd_patient__Intercept",5.06616579876855,0.189104862569453,1000,1000
"i319_pois_re","stanli","pathfinder",5,"b_Intercept",1.76146595212723,0.0260045493189815,1000,1000
"i319_pois_re","stanli","pathfinder",5,"b_zAge",0.0353796417990004,0.0201936647772751,1000,1000
"i319_pois_re","stanli","pathfinder",5,"b_zBase",0.706217799903955,0.0104276381728722,1000,1000
"i319_pois_re","stanli","pathfinder",5,"b_Trt1",-0.323044601309872,0.0310020275940547,1000,1000
"i319_pois_re","stanli","pathfinder",5,"b_zBase:Trt1",0.0822774533495287,0.0108290564892984,1000,1000
"i319_pois_re","stanli","pathfinder",5,"sd_patient__Intercept",3.48400515527935,0.129872640824733,1000,1000
"i319_pois_re","stanli","laplace",1,"b_Intercept",1.77833022177237,0.970344893804483,1000,1000
"i319_pois_re","stanli","laplace",1,"b_zAge",0.0289144628764772,0.676814977753754,1000,1000
"i319_pois_re","stanli","laplace",1,"b_zBase",0.7135063759526,0.962504842808056,1000,1000
"i319_pois_re","stanli","laplace",1,"b_Trt1",-0.451281193477623,1.37172628531435,1000,1000
"i319_pois_re","stanli","laplace",1,"b_zBase:Trt1",0.052890071379698,1.3083692272686,1000,1000
"i319_pois_re","stanli","laplace",1,"sd_patient__Intercept",5.95937248102693,3.19678876290697,1000,1000
"i319_pois_re","stanli","laplace",2,"b_Intercept",1.77373343120241,0.990230306105123,1000,1000
"i319_pois_re","stanli","laplace",2,"b_zAge",0.00589267506546975,0.725701954864355,1000,1000
"i319_pois_re","stanli","laplace",2,"b_zBase",0.689420014976817,1.0211656726992,1000,1000
"i319_pois_re","stanli","laplace",2,"b_Trt1",-0.418174989435836,1.39375638349246,1000,1000
"i319_pois_re","stanli","laplace",2,"b_zBase:Trt1",0.110255429132184,1.37540879066101,1000,1000
"i319_pois_re","stanli","laplace",2,"sd_patient__Intercept",5.82553065244216,3.0060351546516,1000,1000
"i319_pois_re","stanli","laplace",4,"b_Intercept",1.75984325085622,0.977979759881462,1000,1000
"i319_pois_re","stanli","laplace",4,"b_zAge",0.0598037845496876,0.71805514808654,1000,1000
"i319_pois_re","stanli","laplace",4,"b_zBase",0.664351657319583,1.01206278395758,1000,1000
"i319_pois_re","stanli","laplace",4,"b_Trt1",-0.383678973838253,1.3276874278783,1000,1000
"i319_pois_re","stanli","laplace",4,"b_zBase:Trt1",0.17341423543366,1.4146337278522,1000,1000
"i319_pois_re","stanli","laplace",4,"sd_patient__Intercept",5.69212635726568,3.00565147567165,1000,1000
"i319_pois_re","stanli","laplace",5,"b_Intercept",1.75116356987018,1.02087474131929,1000,1000
"i319_pois_re","stanli","laplace",5,"b_zAge",0.0163532338856554,0.689642297165203,1000,1000
"i319_pois_re","stanli","laplace",5,"b_zBase",0.707100059170505,1.06242370630994,1000,1000
"i319_pois_re","stanli","laplace",5,"b_Trt1",-0.371561558459368,1.36695788645664,1000,1000
"i319_pois_re","stanli","laplace",5,"b_zBase:Trt1",0.0805716544491,1.3924657958812,1000,1000
"i319_pois_re","stanli","laplace",5,"sd_patient__Intercept",5.66806401488193,2.8135786569446,1000,1000
