slug	variables	only_a	only_b	max_z	worst_variable	share_z_above_3	max_rhat_a	max_rhat_b	min_ess_a	min_ess_b
i319_pois_re	66	0	0	2.27208178043053	r_patient[7,Intercept]	0	1.0244405889564	1.00944191590734	431.704116458114	612.044853120407
i319_pois_re2	303	0	0	2.78960391635499	r_obs[5,Intercept]	0	1.00543781616815	1.00460910687078	851.40017477954	948.365080231518
i319_negbin_re	67	0	0	3.39483649534682	r_patient[11,Intercept]	0.0447761194029851	1.00468478481413	1.00735452884167	1438.79516171055	1289.33688895262
i319_pois_fixed	6	0	0	0	b_Intercept	0	1.00129340101645	1.00129340101645	2241.49272022077	2241.49272022077
i319_negbin_fixed	7	0	0	1.42503178240283	b_Trt1	0	1.00316766029402	1.00154422428127	3022.67877539411	2897.85704969364
i319_gauss_re	67	0	0	2.16802993301539	r_patient[8,Intercept]	0	1.00755870337285	1.00414500066325	1211.83007761718	1128.02048993336
i320_gp_matern32	35	0	0	2.50798170392054	zgp_gpx1x2[4]	0	1.0093863199305	1.03073566679221	303.039450172836	152.274087500403
i320_gp_expquad	35	0	0	2.21650346242435	zgp_gpx1x2[28]	0	1.00789750098108	1.0071794086805	657.849095827679	639.648349264409
i320_sratio_cs	12	0	0	1.56844720864253	bcs_treat[1]	0	1.00159261274607	1.00150545420633	3071.93405134318	3109.4794714717
i320_sratio_plain	10	0	0	0.900123986184878	b_treat	0	1.00232576947618	1.0020277994201	3614.65367846407	3610.37997393156
i320_pois_trunc_ub	5	0	0	0	b_Intercept	0	1.00289718234243	1.00289718234243	1964.79404930149	1964.79404930149
i320_pois_trunc_both	5	0	0	0	b_Intercept	0	1.00289718234243	1.00289718234243	1964.79404930149	1964.79404930149
i320_mi_nhanes	29	0	0	2.21422024840176	b_chl_Intercept	0	1.00254954605415	1.00474575245435	1015.87879538768	1254.54190468861
sw_gaussian	5	0	0	0	b_Intercept	0	1.00073960699568	1.00073960699568	3268.6610074798	3268.6610074798
sw_student	6	0	0	1.36314949154655	b_Intercept	0	1.00127088424076	1.00235519695608	3883.53724406608	3884.60890509015
sw_skewnormal	5	0	0	0	b_Intercept	0	1.00188564717894	1.00188564717894	1848.04017923718	1848.04017923718
sw_exgaussian	5	0	0	0.751513250770596	sigma	0	1.03974374060911	1.0114170754522	131.218009817199	409.973172322098
sw_asymlaplace	5	0	0	0.423281568451833	sigma	0	1.00443226418622	1.00769921089401	670.855474725583	706.744736866372
sw_lognormal	4	0	0	0	b_Intercept	0	1.00182078524408	1.00182078524408	3061.04950070174	3061.04950070174
sw_gamma	4	0	0	1.92769865197766	shape	0	1.00097127091989	1.00303426250012	3268.91825826794	3540.65921641111
sw_weibull	4	0	0	0.802159945860041	Intercept	0	1.00298864269003	1.00162850591726	3159.43539717363	2885.30513720687
sw_beta	4	0	0	0.717818733119855	b_x	0	1.00472399968886	1.00165361816481	2939.75076824401	2950.94052909368
sw_vonmises	4	0	0	2.11383258058476	kappa	0	2.31215336204364	1.39469220635267	5.41372144061382	9.26681865780873
sw_bernoulli	4	0	0	0.710284003437803	b_Intercept	0	1.00210388415969	1.00259879165009	3450.75111072364	3414.94348503958
sw_binomial	3	0	0	0	b_Intercept	0	1.00141149088352	1.00141149088352	3185.33338591416	3185.33338591416
sw_poisson	4	0	0	0	b_Intercept	0	1.0007360450571	1.0007360450571	2913.19096189409	2913.19096189409
sw_negbinomial	5	0	0	0	b_Intercept	0	Inf	Inf	4.03225806451613	4.03225806451613
sw_zi_poisson	4	0	0	1.77652923660285	Intercept	0	1.00322187015617	1.00178358851456	2484.59328114143	2841.32118937743
sw_zi_negbin	5	0	0	1.61609187976732	shape	0	1.00352652801971	1.00199977295089	1583.34204556224	1622.43400584921
sw_zi_binomial	4	0	0	1.1529362988343	zi	0	1.00126705548975	1.00309368249694	2683.70109511728	2574.3064763741
sw_hurdle_pois	4	0	0	1.61983009066439	hu	0	1.00090671849366	1.00170022723914	3290.79498212839	3123.88570651494
sw_hurdle_gamma	5	0	0	1.67012898998202	b_x	0	1.00107451282898	1.00353462727704	2896.86055475007	3817.87443356166
sw_hurdle_lognormal	5	0	0	1.63494538901976	b_x	0	1.00148316389005	1.00227794029307	3480.61347643298	3206.64720446801
sw_cumulative	9	0	0	1.66395619456774	b_period	0	1.00121587730354	1.00150576882015	4454.77500778031	4336.46404746279
sw_sratio	8	0	0	0	b_Intercept[1]	0	1.0021852539077	1.0021852539077	4341.29132262394	4341.29132262394
sw_cratio	8	0	0	0	b_Intercept[1]	0	1.0021852539077	1.0021852539077	4341.29132262394	4341.29132262394
sw_acat	8	0	0	1.31722720136635	b_period	0	1.00145191331944	1.00123701674331	2977.17585822417	2956.87113699735
sw_cumulative_cs	11	0	0	1.06990905184184	b_Intercept[1]	0	1.00184542779747	1.00109130225069	2196.78608951042	2364.70127161744
sw_cratio_cs	11	0	0	0.970586856948924	bcs_carry[2]	0	1.00145439264499	1.0024994379284	4736.21628300565	4809.60285847865
sw_acat_cs	11	0	0	1.7907717691442	bcs_carry[3]	0	1.00237880972967	1.00394595001485	2808.43095306169	2423.06069586262
sw_categorical	6	0	0	0	b_mu2_Intercept	0	1.001811662157	1.001811662157	3179.63814133482	3179.63814133482
sw_re_slope	17	0	0	1.1320107419919	r_g[5,x]	0	1.03343298472426	1.00929324867119	217.816629907054	622.849576426806
sw_mono	7	0	0	1.01318043729163	bsp_momono	0	1.00232485910158	1.00339728310807	1950.52820693488	1781.29252123693
sw_me	6	0	0	0.870758829030811	bsp_mexmexsd	0	1.00678775169265	1.01981807673677	243.629585135684	207.005376082744
sw_mi	11	0	0	1.75028561510708	Ymi_ymi[9]	0	1.00214418777673	1.00281345831426	4773.99328463531	5699.35129860228
sw_spline_s	13	0	0	2.71230829107507	s_sx_1[7]	0	1.02360172057914	1.01001758944816	196.091341062691	526.73137606405
sw_spline_t2	30	0	0	2.61766609629065	s_t2xz_3[1]	0	1.00276354307204	1.00843792883337	2156.20345426727	665.405493662881
sw_gp	45	0	0	2.48651592598383	zgp_gpx[18]	0	1.00713873040385	1.00423869179819	840.548420332921	914.127990379117
sw_ar	5	0	0	0	b_Intercept	0	1.00139158164944	1.00139158164944	3615.65561686411	3615.65561686411
sw_ma	5	0	0	0	b_Intercept	0	1.00394632191749	1.00394632191749	3254.39200255779	3254.39200255779
sw_arma	6	0	0	0	b_Intercept	0	1.00903486294942	1.00903486294942	775.332822429158	775.332822429158
sw_mv_rescor	9	0	0	1.66804728958244	sigma_ypos	0	1.00307767477193	1.00318922739716	3550.69087178503	4179.41366677304
sw_mv_norescor	8	0	0	2.37167993267247	b_ypos_x	0	1.0036195809916	1.00356019769591	4601.86117538577	4614.50448268987
sw_nonlinear	3	0	0	0	b_a_Intercept	0	1.00237757471315	1.00237757471315	2425.9929706205	2425.9929706205
sw_mixture	10	0	0	1.5854994289856	b_mu2_x	0	2.10570738042622	1.95389817757336	5.84293844202632	5.62650993172073
sw_dist_sigma	6	0	0	0	b_Intercept	0	1.00044340368123	1.00044340368123	3551.87906374196	3551.87906374196
sw_trunc	4	0	0	2.15579777260899	b_x	0	1.01129542929847	1.01695018149383	493.552445383693	257.509378726937
sw_cens	4	0	0	1.76556779925759	b_x	0	1.00093796874629	1.00116162638732	2176.07696836894	2308.24293968109
sw_weights	4	0	0	0	b_Intercept	0	1.00165707776468	1.00165707776468	3274.40052463216	3274.40052463216
sw_se	4	0	0	0	b_Intercept	0	1.00200461499543	1.00200461499543	3180.95065764535	3180.95065764535
sw_re_pois	9	0	0	1.54643930437819	r_g[1,Intercept]	0	1.00598900658669	1.00972324903612	443.434832157802	389.45151189926
sw_re_bern	9	0	0	1.31087521909919	b_x	0	1.01880344780437	1.00439146279593	274.922494636936	1188.9711942492
sw_re_negbin	10	0	0	1.53393054835573	r_g[2,Intercept]	0	9.1569931725439	Inf	4.3124834874108	4.34540997302336
sw_re_gauss	10	0	0	1.43593132180225	r_g[3,Intercept]	0	1.00357442229912	1.00469097635884	1001.25801700488	1214.89610343532
s2_dirichlet	7	0	0	2.18233833677026	b_mus2_Intercept	0	1.0026585720814	1.00107755644835	3372.90873927266	3255.06893513957
s2_logistic_normal	9	0	0	2.45606193263544	b_mus3_Intercept	0	1.00152786018821	1.00178378417201	4255.28375079298	4710.30756541594
s2_multinomial	6	0	0	0.55592297565344	b_muc2_Intercept	0	1.00187333019767	1.00068998452381	2416.85289098761	2702.57395214998
s2_beta_binomial	4	0	0	1.224581798633	b_x	0	1.00232443435465	1.00404325608971	3048.74371125635	3717.80585102317
s2_zoi_beta	6	0	0	2.16392964450636	coi	0	1.00111265014427	1.00120656662839	4612.38731577082	4229.69328957608
s2_zi_beta	5	0	0	0.925634786837079	phi	0	1.00311380330852	1.00379489321096	4029.37348774788	3953.09521328481
s2_zi_asymlaplace	6	0	0	0.692519995603966	zi	0	1.00195096555919	1.00551613932833	853.593882145816	970.689582539779
s2_shifted_lognormal	5	0	0	1.46155809928832	b_x	0	1.00210443722662	1.0017534582658	2237.10940580964	2287.7266713941
s2_wiener	6	0	0	1.45143612925655	b_Intercept	0	1.00215379708923	1.00161407649735	2533.22293484349	2943.23546751811
s2_cox	8	0	0	2.94048160914473	sbhaz[4]	0	1.00151332623977	1.00311587679757	2307.380859913	2364.35204575
s2_cox_cens	8	0	0	1.43817373943358	b_Intercept	0	1.00174653625506	1.00174946947949	2182.23383625712	2278.18164104355
s2_discrete_weibull	4	0	0	0.985756031582117	b_x	0	1.00422965583636	1.00331884649991	1043.50910595024	1094.01820671261
s2_com_poisson	4	0	0	2.05937695940208	shape	0	1.00162611850808	1.00473280287648	2161.83512360815	1098.92612039294
s2_frechet	4	0	0	0.625451411982556	nu	0	1.0047973134671	1.00661793327195	906.507082781873	822.166241370589
s2_gev	6	0	0	0	b_Intercept	0	1.00476487834267	1.00476487834267	1840.91113051673	1840.91113051673
s2_invgaussian	4	0	0	0	b_Intercept	0	1.00234505687007	1.00234505687007	873.657433553396	873.657433553396
s2_hurdle_cumulative	7	0	0	0.849314857660191	b_Intercept[1]	0	1.0017187853322	1.0012153452971	3678.96122893169	3721.32456478203
s2_hurdle_negbin	5	0	0	1.27643605640146	Intercept	0	1.00236492619767	1.0019524167913	1750.02275655645	2149.46604040519
s2_cumulative_probit	8	0	0	0.336691413677091	Intercept[1]	0	1.00582454627872	1.00354762504335	2687.84959354644	2676.57949652876
s2_cumulative_cloglog	8	0	0	0.787260925687717	Intercept[1]	0	1.00153849627636	1.00090707824393	1770.98689994564	2011.06570359229
s2_cumulative_cauchit	8	0	0	0.715708309263215	b_Intercept[3]	0	1.00253179429799	1.00361692605402	1841.37302950693	1430.25368668144
s2_categorical_re	18	0	0	1.69833798328292	r_g__mu2[5,Intercept]	0	1.00462274165422	1.00198068074717	1463.57482532546	1419.14820851362
s2_mm	10	0	0	1.72392579678466	r_mmmg1mg2[3,Intercept]	0	1.00366465924131	1.00348867432649	884.777442999952	1163.98200217381
s2_mm_weights	10	0	0	0.866352122048127	b_x	0	1.00635699632953	1.0033776432156	1255.18927602836	865.283197804427
s2_mmc	17	0	0	2.36468594884999	r_mmmg1mg2[2,Intercept]	0	1.0042171383675	1.00335196355967	1533.06002365869	980.237381691894
s2_gr_by	11	0	0	1.23982152624053	r_g[1,Intercept]	0	1.00508982101137	1.00226246541477	1001.99316274307	1005.95407372409
s2_gr_student	11	0	0	1.12830211725685	sigma	0	1.00850408191853	1.00350813708665	432.523742355437	520.710072189088
s2_mv_shared_re	21	0	0	2.82450922596427	r_g__y[5,Intercept]	0	1.0030822680938	1.00426034745427	1462.16301062122	1198.66745372722
s2_dist_sigma_re	11	0	0	2.62226741902568	Intercept	0	1.00602886470665	1.02529300201805	609.234044711206	216.044408651539
s2_car	11	0	0	1.86904748850713	car	0	1.01889639139246	1.00985268052272	171.19308237642	422.777587756282
s2_car_esicar	10	0	0	2.51450977880089	rcar[1]	0	1.03942211205975	1.08994079112823	95.0315129925769	36.6115789578358
s2_car_icar	10	0	0	0.715994000732559	b_x	0	1.00175087507584	1.00547013193067	1437.50725817481	1429.79057913597
s2_sar	5	0	0	1.42280067986539	b_x	0	1.00058530586261	1.00304005021309	3369.05434682308	3452.09053432029
s2_sar_error	5	0	0	2.12266768379302	b_Intercept	0	1.00305922898012	1.00095052941129	3239.87480203666	2801.19818279862
s2_fcor	4	0	0	0	b_Intercept	0	1.00316581579644	1.00316581579644	3453.28508244599	3453.28508244599
s2_unstr	32	0	0	1.82241952602762	cortime__3__4	0	1.00776453164923	1.0037718818265	647.365457297287	1326.44093728215
s2_ar_cov	5	0	0	3.06139712806604	ar[1]	0.2	1.00232237843491	1.00166492424516	3376.03426768774	3368.02885516729
s2_cosy	5	0	0	1.74094890252273	b_x	0	1.00171823902675	1.00319081206901	1309.8702473594	964.01623142114
s2_cens_interval	4	0	0	2.50450482811173	Intercept	0	1.00176757467761	1.00164434839174	2944.18529170179	3187.15517592547
s2_weights_trunc	4	0	0	1.58596200832192	b_x	0	1.01150120574897	1.00424573944714	567.437087254222	515.541442391637
s2_rate	3	0	0	0	b_Intercept	0	1.00058617174903	1.00058617174903	3223.84532244098	3223.84532244098
s2_mv_subset	8	0	0	2.26957439015644	Intercept_y	0	1.00376134770644	1.00183104601828	3953.5781795566	5307.72492966474
s2_index_mi	11	0	0	1.78701980361248	sigma_yposmi	0	1.00292248429062	1.00233569475216	2688.14269450054	2528.68946719893
s2_mi_trunc_lb	11	0	0	1.0121752122123	Ymi_yposmi[25]	0	1.00298777982809	1.00138087273818	1313.42931636588	1148.63139808059
s2_mi_lognormal	11	0	0	1.60954388421569	sigma_yposmi	0	1.00226641745926	1.00392299112398	5660.88283112859	4760.18126394885
s2_custom_vint	4	0	0	1.97445010098644	Intercept	0	1.00093117890948	1.00190690933039	3304.43070962889	3089.69276611879
s2_custom_vreal	4	0	0	0.719621728849301	b_x	0	1.0014884535999	1.00140099999576	3155.68319728484	3580.47039328447
s2_nl_noloop	5	0	0	0	b_a_Intercept	0	1.01827797502592	1.01827797502592	304.403319322295	304.403319322295
s2_nlf	3	0	0	0	b_a2_Intercept	0	1.00328555775925	1.00328555775925	2957.49236948353	2957.49236948353
s2_s_cc	12	0	0	1.76664431421008	s_sx_1[2]	0	1.00449422934999	1.00604826217073	1311.06873619712	1089.51600799928
s2_s_by	53	0	0	3.08948483818662	s_sxg2_1[6]	0.0188679245283019	1.00608870365255	1.00513383802166	624.920650745567	1481.76913723266
s2_t2_by	57	0	0	2.01336170647929	s_t2xzgbya_1[5]	0	1.00360245382038	1.00270634629592	1829.5753511986	1898.29170883706
s2_gp_by_gr	53	0	0	2.14725337590987	zgp_gpxg1[4]	0	1.00832652174267	1.00709859126669	969.390129717225	1186.58610336219
s2_gp_approx	10	0	0	2.08314666939048	zgp_gpx[2]	0	1.01807461650018	1.00684218431114	396.718461696582	484.701727358975
s2_gp_by_approx	17	0	0	1.80488551940932	zgp_gpxgbya[2]	0	1.00359321935642	1.00410822290506	1755.85232350173	1602.52817857995
s2_mo_simo_prior	7	0	0	2.09488648533504	sigma	0	1.00311449888499	1.00197125642662	1658.25783440512	1755.17490665337
s2_me2	90	0	0	2.44359279364402	Xme1[17,2]	0	1.01332444376306	1.01311080918416	326.471678422707	325.041340432402
s2_me2_nomecor	9	0	0	0.898100307162046	bsp_mexme2xsd2	0	1.00710654319757	1.01578060089603	333.470367114326	307.562197353492
s2_mixture_theta	11	0	0	2.68917144976939	Intercept_theta1	0	2.17935025263877	2.14226498236628	6.58092749215808	6.27137483876778
s2_threading	5	0	0	0	b_Intercept	0	1.00162204136505	1.00162204136505	3338.84300996377	3338.84300996377
