slug	fit	seconds	max_rhat	divergent	summary	draws	predict	log_lik	warnings
i319_gauss_re	ok	56.5292291641235	1.00414500066325	0	ok	ok	ok	ok	
i319_negbin_fixed	ok	50.579701423645	1.00184540447186	0	ok	ok	ok	ok	
i319_negbin_re	ok	61.0624234676361	1.00735452884167	0	ok	ok	ok	ok	
i319_pois_fixed	ok	49.1325438022614	1.00181724438832	0	ok	ok	ok	ok	
i319_pois_re	ok	62.9478464126587	1.00944191590734	0	ok	ok	ok	ok	
i319_pois_re2	ok	72.5063409805298	1.00460910687078	0	ok	ok	ok	ok	
i320_gp_expquad	ok	85.4630637168884	1.00803116323235	5	ok	ok	ok	ok	There were 5 divergent transitions after warmup. See https://mc-stan.org/misc/warnings.html#divergent-transitions-after-warmup to find out why this is a problem and how to eliminate them. | Examine the pairs() plot to diagnose sampling problems 
i320_gp_matern32	ok	90.660724401474	1.03138177804953	55	ok	ok	ok	ok	There were 55 divergent transitions after warmup. See https://mc-stan.org/misc/warnings.html#divergent-transitions-after-warmup to find out why this is a problem and how to eliminate them. | Examine the pairs() plot to diagnose sampling problems  | Bulk Effective Samples Size (ESS) is too low, indicating posterior means and medians may be unreliable. Running the chains for more iterations may help. See https://mc-stan.org/misc/warnings.html#bulk-ess | Tail Effective Samples Size (ESS) is too low, indicating posterior variances and tail quantiles may be unreliable. Running the chains for more iterations may help. See https://mc-stan.org/misc/warnings.html#tail-ess
i320_mi_nhanes	ok	55.8549315929413	1.00474575245435	2	ok	ok	ok	ok	There were 2 divergent transitions after warmup. See https://mc-stan.org/misc/warnings.html#divergent-transitions-after-warmup to find out why this is a problem and how to eliminate them. | Examine the pairs() plot to diagnose sampling problems 
i320_pois_trunc_both	ok	61.0879800319672	1.00306016190366	0	ok	ok	ok	ok	
i320_pois_trunc_ub	ok	60.9356706142426	1.00306016190366	0	ok	ok	ok	ok	
i320_sratio_cs	ok	65.9816915988922	1.00163330573577	0	ok	ok	ok	ok	
i320_sratio_plain	ok	55.3444447517395	1.0020277994201	0	ok	ok	ok	ok	
s2_ar_cov	ok	56.8154208660126	1.00364059038275	0	ok	ok	ok	ok	
s2_beta_binomial	ok	49.5205256938934	1.00404325608971	0	ok	ok	ok	ERR: Please install the 'extraDistr' package.	
s2_car	ok	50.1764118671417	1.00985268052272	35	ok	ok	ok	ok	There were 35 divergent transitions after warmup. See https://mc-stan.org/misc/warnings.html#divergent-transitions-after-warmup to find out why this is a problem and how to eliminate them. | Examine the pairs() plot to diagnose sampling problems  | Bulk Effective Samples Size (ESS) is too low, indicating posterior means and medians may be unreliable. Running the chains for more iterations may help. See https://mc-stan.org/misc/warnings.html#bulk-ess
s2_car_esicar	ok	61.4580681324005	1.08994079112823	207	ok	ok	ok	ok	There were 207 divergent transitions after warmup. See https://mc-stan.org/misc/warnings.html#divergent-transitions-after-warmup to find out why this is a problem and how to eliminate them. | Examine the pairs() plot to diagnose sampling problems  | The largest R-hat is 1.09, indicating chains have not mixed. Running the chains for more iterations may help. See https://mc-stan.org/misc/warnings.html#r-hat | Bulk Effective Samples Size (ESS) is too low, indicating posterior means and medians may be unreliable. Running the chains for more iterations may help. See https://mc-stan.org/misc/warnings.html#bulk-ess | Tail Effective Samples Size (ESS) is too low, indicating posterior variances and tail quantiles may be unreliable. Running the chains for more iterations may help. See https://mc-stan.org/misc/warnings.html#tail-ess
s2_car_icar	ok	92.0448553562164	1.00547013193067	0	ok	ok	ok	ok	There were 3038 transitions after warmup that exceeded the maximum treedepth. Increase max_treedepth above 10. See https://mc-stan.org/misc/warnings.html#maximum-treedepth-exceeded | Examine the pairs() plot to diagnose sampling problems 
s2_categorical_re	ok	54.9138550758362	1.00198068074717	0	ok	ok	ok	ok	
s2_cens_interval	ok	58.4544315338135	1.00164434839174	0	ok	ok	ok	ok	
s2_com_poisson	ok	50.9434876441956	1.00565827533172	0	ok	ok	ok	ok	
s2_cosy	ok	55.8063654899597	1.00446386287358	2	ok	ok	ok	ok	There were 2 divergent transitions after warmup. See https://mc-stan.org/misc/warnings.html#divergent-transitions-after-warmup to find out why this is a problem and how to eliminate them. | Examine the pairs() plot to diagnose sampling problems 
s2_cox	ok	51.0881412029266	1.00311587679757	0	ok	ok	ERR: Cannot sample from the posterior predictive distribution for family 'cox'.	ok	
s2_cox_cens	ok	54.4936509132385	1.00174946947949	0	ok	ok	ERR: Cannot sample from the posterior predictive distribution for family 'cox'.	ok	
s2_cumulative_cauchit	ok	46.5764038562775	1.00361692605402	0	ok	ok	ok	ok	
s2_cumulative_cloglog	ok	47.3698029518127	1.00108639624166	0	ok	ok	ok	ok	
s2_cumulative_probit	ok	47.5260734558105	1.00354762504335	0	ok	ok	ok	ok	
s2_custom_vint	ok	46.9826667308807	1.00191850056456	0	ok	ok	ERR: object 'posterior_predict_beta_binomial2' not found	ERR: object 'log_lik_beta_binomial2' not found	
s2_custom_vreal	ok	57.536078453064	1.00228525588415	0	ok	ok	ERR: object 'posterior_predict_gauss_off' not found	ERR: object 'log_lik_gauss_off' not found	
s2_dirichlet	ok	50.8209664821625	1.00137548775455	0	ok	ok	ok	ok	
s2_discrete_weibull	ok	47.1696734428406	1.00331884649991	0	ok	ok	ok	ok	
s2_dist_sigma_re	ok	51.6198003292084	1.02529300201805	17	ok	ok	ok	ok	There were 17 divergent transitions after warmup. See https://mc-stan.org/misc/warnings.html#divergent-transitions-after-warmup to find out why this is a problem and how to eliminate them. | Examine the pairs() plot to diagnose sampling problems  | Bulk Effective Samples Size (ESS) is too low, indicating posterior means and medians may be unreliable. Running the chains for more iterations may help. See https://mc-stan.org/misc/warnings.html#bulk-ess | Tail Effective Samples Size (ESS) is too low, indicating posterior variances and tail quantiles may be unreliable. Running the chains for more iterations may help. See https://mc-stan.org/misc/warnings.html#tail-ess
s2_fcor	ok	50.042085647583	1.00497560232962	0	ok	ok	ok	ok	
s2_frechet	ok	48.5895502567291	1.00661793327195	0	ok	ok	ok	ok	
s2_gev	ok	62.8250107765198	1.00476487834267	0	ok	ok	ok	ok	The 'gen_extreme_value' family is deprecated and will be removed in the future.
s2_gp_approx	ok	53.1247217655182	1.00684218431114	48	ok	ok	ok	ok	There were 48 divergent transitions after warmup. See https://mc-stan.org/misc/warnings.html#divergent-transitions-after-warmup to find out why this is a problem and how to eliminate them. | Examine the pairs() plot to diagnose sampling problems  | Tail Effective Samples Size (ESS) is too low, indicating posterior variances and tail quantiles may be unreliable. Running the chains for more iterations may help. See https://mc-stan.org/misc/warnings.html#tail-ess
s2_gp_by_approx	ok	68.2845749855042	1.00410822290506	14	ok	ok	ok	ok	There were 14 divergent transitions after warmup. See https://mc-stan.org/misc/warnings.html#divergent-transitions-after-warmup to find out why this is a problem and how to eliminate them. | Examine the pairs() plot to diagnose sampling problems 
s2_gp_by_gr	ok	64.461522102356	1.00915843696067	3	ok	ok	ok	ok	There were 3 divergent transitions after warmup. See https://mc-stan.org/misc/warnings.html#divergent-transitions-after-warmup to find out why this is a problem and how to eliminate them. | Examine the pairs() plot to diagnose sampling problems 
s2_gr_by	ok	51.9635925292969	1.00362977480726	2	ok	ok	ok	ok	There were 2 divergent transitions after warmup. See https://mc-stan.org/misc/warnings.html#divergent-transitions-after-warmup to find out why this is a problem and how to eliminate them. | Examine the pairs() plot to diagnose sampling problems 
s2_gr_student	ok	53.2372334003448	1.00350813708665	2	ok	ok	ok	ok	There were 2 divergent transitions after warmup. See https://mc-stan.org/misc/warnings.html#divergent-transitions-after-warmup to find out why this is a problem and how to eliminate them. | Examine the pairs() plot to diagnose sampling problems 
s2_hurdle_cumulative	ok	47.6127645969391	1.0012153452971	0	ok	ok	ok	ok	
s2_hurdle_negbin	ok	46.9727590084076	1.00232171100502	3	ok	ok	ok	ok	There were 3 divergent transitions after warmup. See https://mc-stan.org/misc/warnings.html#divergent-transitions-after-warmup to find out why this is a problem and how to eliminate them. | Examine the pairs() plot to diagnose sampling problems 
s2_index_mi	ok	49.0135505199432	1.00233569475216	0	ok	ok	ok	ok	
s2_invgaussian	ok	61.2678203582764	1.00418865107072	1691	ok	ok	ok	ok	There were 1691 divergent transitions after warmup. See https://mc-stan.org/misc/warnings.html#divergent-transitions-after-warmup to find out why this is a problem and how to eliminate them. | Examine the pairs() plot to diagnose sampling problems 
s2_logistic_normal	ok	55.2975635528564	1.00178378417201	0	ok	ok	ok	ok	NA
s2_me2	ok	56.9900524616241	1.01311080918416	0	ok	ok	ok	ok	Bulk Effective Samples Size (ESS) is too low, indicating posterior means and medians may be unreliable. Running the chains for more iterations may help. See https://mc-stan.org/misc/warnings.html#bulk-ess
s2_me2_nomecor	ok	50.8923850059509	1.01578060089603	0	ok	ok	ok	ok	Bulk Effective Samples Size (ESS) is too low, indicating posterior means and medians may be unreliable. Running the chains for more iterations may help. See https://mc-stan.org/misc/warnings.html#bulk-ess
s2_mi_lognormal	ok	49.5085506439209	1.00392299112398	0	ok	ok	ok	ok	
s2_mi_trunc_lb	ok	51.4348230361938	1.00138566717178	30	ok	ok	ok	ok	There were 30 divergent transitions after warmup. See https://mc-stan.org/misc/warnings.html#divergent-transitions-after-warmup to find out why this is a problem and how to eliminate them. | Examine the pairs() plot to diagnose sampling problems 
s2_mixture_theta	ok	63.7927014827728	2.14226498236628	1336	ok	ok	ok	ok	There were 1336 divergent transitions after warmup. See https://mc-stan.org/misc/warnings.html#divergent-transitions-after-warmup to find out why this is a problem and how to eliminate them. | There were 184 transitions after warmup that exceeded the maximum treedepth. Increase max_treedepth above 10. See https://mc-stan.org/misc/warnings.html#maximum-treedepth-exceeded | Examine the pairs() plot to diagnose sampling problems  | The largest R-hat is 2.14, indicating chains have not mixed. Running the chains for more iterations may help. See https://mc-stan.org/misc/warnings.html#r-hat | Bulk Effective Samples Size (ESS) is too low, indicating posterior means and medians may be unreliable. Running the chains for more iterations may help. See https://mc-stan.org/misc/warnings.html#bulk-ess | Tail Effective Samples Size (ESS) is too low, indicating posterior variances and tail quantiles may be unreliable. Running the chains for more iterations may help. See https://mc-stan.org/misc/warnings.html#tail-ess
s2_mm	ok	65.5539779663086	1.00348867432649	3	ok	ok	ok	ok	There were 3 divergent transitions after warmup. See https://mc-stan.org/misc/warnings.html#divergent-transitions-after-warmup to find out why this is a problem and how to eliminate them. | Examine the pairs() plot to diagnose sampling problems 
s2_mm_weights	ok	66.8034117221832	1.0033776432156	12	ok	ok	ok	ok	There were 12 divergent transitions after warmup. See https://mc-stan.org/misc/warnings.html#divergent-transitions-after-warmup to find out why this is a problem and how to eliminate them. | Examine the pairs() plot to diagnose sampling problems 
s2_mmc	ok	57.0929214954376	1.00335196355967	9	ok	ok	ok	ok	There were 9 divergent transitions after warmup. See https://mc-stan.org/misc/warnings.html#divergent-transitions-after-warmup to find out why this is a problem and how to eliminate them. | Examine the pairs() plot to diagnose sampling problems 
s2_mo_simo_prior	ok	60.5742530822754	1.00197125642662	0	ok	ok	ok	ok	
s2_multinomial	ok	48.7724235057831	1.00068998452381	0	ok	ok	ok	ok	NA
s2_mv_shared_re	ok	58.811425447464	1.00426034745427	2	ok	ok	ok	ok	There were 2 divergent transitions after warmup. See https://mc-stan.org/misc/warnings.html#divergent-transitions-after-warmup to find out why this is a problem and how to eliminate them. | Examine the pairs() plot to diagnose sampling problems 
s2_mv_subset	ok	46.6136403083801	1.00183104601828	0	ok	ok	ERR: Argument 'resp' must be a single variable name for models using addition argument 'subset'.	ERR: Argument 'resp' must be a single variable name for models using addition argument 'subset'.	
s2_nl_noloop	ok	60.433830499649	1.01827797502592	39	ok	ok	ok	ok	There were 39 divergent transitions after warmup. See https://mc-stan.org/misc/warnings.html#divergent-transitions-after-warmup to find out why this is a problem and how to eliminate them. | Examine the pairs() plot to diagnose sampling problems  | Bulk Effective Samples Size (ESS) is too low, indicating posterior means and medians may be unreliable. Running the chains for more iterations may help. See https://mc-stan.org/misc/warnings.html#bulk-ess | Tail Effective Samples Size (ESS) is too low, indicating posterior variances and tail quantiles may be unreliable. Running the chains for more iterations may help. See https://mc-stan.org/misc/warnings.html#tail-ess
s2_nlf	ok	47.578430891037	1.00352123700413	0	ok	ok	ok	ok	
s2_rate	ok	45.3594655990601	1.00058617174903	0	ok	ok	ok	ok	
s2_s_by	ok	55.1728138923645	1.00513383802166	20	ok	ok	ok	ok	There were 20 divergent transitions after warmup. See https://mc-stan.org/misc/warnings.html#divergent-transitions-after-warmup to find out why this is a problem and how to eliminate them. | Examine the pairs() plot to diagnose sampling problems 
s2_s_cc	ok	49.6320383548737	1.00691041602151	8	ok	ok	ok	ok	There were 8 divergent transitions after warmup. See https://mc-stan.org/misc/warnings.html#divergent-transitions-after-warmup to find out why this is a problem and how to eliminate them. | Examine the pairs() plot to diagnose sampling problems 
s2_sar	ok	47.5478701591492	1.00304005021309	0	ok	ok	ok	ok	
s2_sar_error	ok	49.8464329242706	1.00095052941129	0	ok	ok	ok	ok	
s2_shifted_lognormal	ok	60.3935468196869	1.0017534582658	0	ok	ok	ok	ok	
s2_t2_by	ok	54.4442319869995	1.00270634629592	2	ok	ok	ok	ok	There were 2 divergent transitions after warmup. See https://mc-stan.org/misc/warnings.html#divergent-transitions-after-warmup to find out why this is a problem and how to eliminate them. | Examine the pairs() plot to diagnose sampling problems 
s2_threading	ok	43.6443321704865	1.00162204136505	0	ok	ok	ok	ok	
s2_unstr	ok	61.0602488517761	1.0037718818265	249	ok	ok	ok	ok	There were 249 divergent transitions after warmup. See https://mc-stan.org/misc/warnings.html#divergent-transitions-after-warmup to find out why this is a problem and how to eliminate them. | Examine the pairs() plot to diagnose sampling problems 
s2_weights_trunc	ok	60.7425014972687	1.00424573944714	12	ok	ok	ok	ok	There were 12 divergent transitions after warmup. See https://mc-stan.org/misc/warnings.html#divergent-transitions-after-warmup to find out why this is a problem and how to eliminate them. | Examine the pairs() plot to diagnose sampling problems 
s2_wiener	ok	49.056492805481	1.00161407649735	0	ok	ok	ERR: object 'pwiener' of mode 'function' was not found	ERR: Please install the 'RWiener' package.	
s2_zi_asymlaplace	ok	61.6906831264496	1.00551613932833	0	ok	ok	ok	ok	
s2_zi_beta	ok	49.2362034320831	1.00379489321096	0	ok	ok	ok	ok	
s2_zoi_beta	ok	47.8738300800323	1.00120656662839	0	ok	ok	ok	ok	
sw_acat	ok	66.5220408439636	1.00164189622409	0	ok	ok	ok	ok	
sw_acat_cs	ok	104.76922249794	1.00394595001485	0	ok	ok	ok	ok	
sw_ar	ok	50.3990952968597	1.00165623607415	0	ok	ok	ok	ok	
sw_arma	ok	51.8641374111176	1.00903486294942	206	ok	ok	ok	ok	There were 206 divergent transitions after warmup. See https://mc-stan.org/misc/warnings.html#divergent-transitions-after-warmup to find out why this is a problem and how to eliminate them. | Examine the pairs() plot to diagnose sampling problems 
sw_asymlaplace	ok	49.6210978031158	1.00769921089401	0	ok	ok	ok	ok	
sw_bernoulli	ok	61.9832191467285	1.00259879165009	0	ok	ok	ok	ok	
sw_beta	ok	49.2711226940155	1.00165361816481	0	ok	ok	ok	ok	
sw_binomial	ok	48.9663574695587	1.00218787307546	0	ok	ok	ok	ok	
sw_categorical	ok	50.6434042453766	1.00262828467965	0	ok	ok	ok	ok	
sw_cens	ok	49.5734708309174	1.00116162638732	0	ok	ok	ok	ok	
sw_cratio	ok	53.1981985569	1.0021852539077	0	ok	ok	ok	ok	
sw_cratio_cs	ok	79.3605651855469	1.0024994379284	0	ok	ok	ok	ok	
sw_cumulative	ok	52.4777364730835	1.00159921203791	0	ok	ok	ok	ok	
sw_cumulative_cs	ok	62.1445748806	1.00126043033552	99	ok	ok	ok	ok	Category specific effects for this family should be considered experimental and there may be convergence issues. | There were 99 divergent transitions after warmup. See https://mc-stan.org/misc/warnings.html#divergent-transitions-after-warmup to find out why this is a problem and how to eliminate them. | Examine the pairs() plot to diagnose sampling problems 
sw_dist_sigma	ok	61.5278973579407	1.00044340368123	0	ok	ok	ok	ok	
sw_exgaussian	ok	50.8935379981995	1.0114170754522	77	ok	ok	ok	ok	There were 77 divergent transitions after warmup. See https://mc-stan.org/misc/warnings.html#divergent-transitions-after-warmup to find out why this is a problem and how to eliminate them. | Examine the pairs() plot to diagnose sampling problems  | Tail Effective Samples Size (ESS) is too low, indicating posterior variances and tail quantiles may be unreliable. Running the chains for more iterations may help. See https://mc-stan.org/misc/warnings.html#tail-ess
sw_gamma	ok	48.868682384491	1.00303426250012	0	ok	ok	ok	ok	
sw_gaussian	ok	47.9514605998993	1.00073960699568	0	ok	ok	ok	ok	
sw_gp	ok	88.6459248065948	1.00423869179819	18	ok	ok	ok	ok	There were 18 divergent transitions after warmup. See https://mc-stan.org/misc/warnings.html#divergent-transitions-after-warmup to find out why this is a problem and how to eliminate them. | Examine the pairs() plot to diagnose sampling problems 
sw_hurdle_gamma	ok	62.3648238182068	1.00353462727704	0	ok	ok	ok	ok	
sw_hurdle_lognormal	ok	48.6013693809509	1.00227794029307	0	ok	ok	ok	ok	
sw_hurdle_pois	ok	62.3607966899872	1.00327040167033	0	ok	ok	ok	ok	
sw_lognormal	ok	49.4401161670685	1.00182078524408	0	ok	ok	ok	ok	
sw_ma	ok	50.1703133583069	1.00394632191749	0	ok	ok	ok	ok	
sw_me	ok	51.4359548091888	1.01981807673677	0	ok	ok	ok	ok	Bulk Effective Samples Size (ESS) is too low, indicating posterior means and medians may be unreliable. Running the chains for more iterations may help. See https://mc-stan.org/misc/warnings.html#bulk-ess | Tail Effective Samples Size (ESS) is too low, indicating posterior variances and tail quantiles may be unreliable. Running the chains for more iterations may help. See https://mc-stan.org/misc/warnings.html#tail-ess
sw_mi	ok	50.0042886734009	1.00281345831426	0	ok	ok	ok	ok	
sw_mixture	ok	100.105266332626	1.95389817757336	65	ok	ok	ok	ok	There were 65 divergent transitions after warmup. See https://mc-stan.org/misc/warnings.html#divergent-transitions-after-warmup to find out why this is a problem and how to eliminate them. | There were 407 transitions after warmup that exceeded the maximum treedepth. Increase max_treedepth above 10. See https://mc-stan.org/misc/warnings.html#maximum-treedepth-exceeded | Examine the pairs() plot to diagnose sampling problems  | The largest R-hat is 1.95, indicating chains have not mixed. Running the chains for more iterations may help. See https://mc-stan.org/misc/warnings.html#r-hat | Bulk Effective Samples Size (ESS) is too low, indicating posterior means and medians may be unreliable. Running the chains for more iterations may help. See https://mc-stan.org/misc/warnings.html#bulk-ess | Tail Effective Samples Size (ESS) is too low, indicating posterior variances and tail quantiles may be unreliable. Running the chains for more iterations may help. See https://mc-stan.org/misc/warnings.html#tail-ess
sw_mono	ok	50.8331527709961	1.00339728310807	0	ok	ok	ok	ok	
sw_mv_norescor	ok	48.333930015564	1.00883310666643	0	ok	ok	ok	ok	
sw_mv_rescor	ok	53.8352732658386	1.00318922739716	0	ok	ok	ok	ok	NA
sw_negbinomial	ok	63.654381275177	Inf	294	ok	ok	ok	ok	There were 294 divergent transitions after warmup. See https://mc-stan.org/misc/warnings.html#divergent-transitions-after-warmup to find out why this is a problem and how to eliminate them. | There were 3706 transitions after warmup that exceeded the maximum treedepth. Increase max_treedepth above 10. See https://mc-stan.org/misc/warnings.html#maximum-treedepth-exceeded | Examine the pairs() plot to diagnose sampling problems  | The largest R-hat is Inf, indicating chains have not mixed. Running the chains for more iterations may help. See https://mc-stan.org/misc/warnings.html#r-hat | Bulk Effective Samples Size (ESS) is too low, indicating posterior means and medians may be unreliable. Running the chains for more iterations may help. See https://mc-stan.org/misc/warnings.html#bulk-ess | Tail Effective Samples Size (ESS) is too low, indicating posterior variances and tail quantiles may be unreliable. Running the chains for more iterations may help. See https://mc-stan.org/misc/warnings.html#tail-ess
sw_nonlinear	ok	48.1203365325928	1.00237757471315	0	ok	ok	ok	ok	NA
sw_poisson	ok	46.9641041755676	1.0007360450571	0	ok	ok	ok	ok	
sw_re_bern	ok	52.7426855564117	1.00541888690254	2	ok	ok	ok	ok	There were 2 divergent transitions after warmup. See https://mc-stan.org/misc/warnings.html#divergent-transitions-after-warmup to find out why this is a problem and how to eliminate them. | Examine the pairs() plot to diagnose sampling problems 
sw_re_gauss	ok	65.0172703266144	1.00469097635884	4	ok	ok	ok	ok	There were 4 divergent transitions after warmup. See https://mc-stan.org/misc/warnings.html#divergent-transitions-after-warmup to find out why this is a problem and how to eliminate them. | Examine the pairs() plot to diagnose sampling problems 
sw_re_negbin	ok	101.071771144867	Inf	421	ok	ok	ok	ok	There were 421 divergent transitions after warmup. See https://mc-stan.org/misc/warnings.html#divergent-transitions-after-warmup to find out why this is a problem and how to eliminate them. | There were 2580 transitions after warmup that exceeded the maximum treedepth. Increase max_treedepth above 10. See https://mc-stan.org/misc/warnings.html#maximum-treedepth-exceeded | Examine the pairs() plot to diagnose sampling problems  | The largest R-hat is Inf, indicating chains have not mixed. Running the chains for more iterations may help. See https://mc-stan.org/misc/warnings.html#r-hat | Bulk Effective Samples Size (ESS) is too low, indicating posterior means and medians may be unreliable. Running the chains for more iterations may help. See https://mc-stan.org/misc/warnings.html#bulk-ess | Tail Effective Samples Size (ESS) is too low, indicating posterior variances and tail quantiles may be unreliable. Running the chains for more iterations may help. See https://mc-stan.org/misc/warnings.html#tail-ess
sw_re_pois	ok	50.6624982357025	1.00972324903612	38	ok	ok	ok	ok	There were 38 divergent transitions after warmup. See https://mc-stan.org/misc/warnings.html#divergent-transitions-after-warmup to find out why this is a problem and how to eliminate them. | Examine the pairs() plot to diagnose sampling problems  | Bulk Effective Samples Size (ESS) is too low, indicating posterior means and medians may be unreliable. Running the chains for more iterations may help. See https://mc-stan.org/misc/warnings.html#bulk-ess | Tail Effective Samples Size (ESS) is too low, indicating posterior variances and tail quantiles may be unreliable. Running the chains for more iterations may help. See https://mc-stan.org/misc/warnings.html#tail-ess
sw_re_slope	ok	60.1265122890472	1.00959674570657	35	ok	ok	ok	ok	There were 35 divergent transitions after warmup. See https://mc-stan.org/misc/warnings.html#divergent-transitions-after-warmup to find out why this is a problem and how to eliminate them. | Examine the pairs() plot to diagnose sampling problems 
sw_se	ok	48.146776676178	1.00237105775616	0	ok	ok	ok	ok	
sw_skewnormal	ok	65.8554031848907	1.00188564717894	0	ok	ok	ok	ok	
sw_spline_s	ok	53.2585797309875	1.01001758944816	52	ok	ok	ok	ok	There were 52 divergent transitions after warmup. See https://mc-stan.org/misc/warnings.html#divergent-transitions-after-warmup to find out why this is a problem and how to eliminate them. | Examine the pairs() plot to diagnose sampling problems  | Tail Effective Samples Size (ESS) is too low, indicating posterior variances and tail quantiles may be unreliable. Running the chains for more iterations may help. See https://mc-stan.org/misc/warnings.html#tail-ess
sw_spline_t2	ok	69.1764414310455	1.00843792883337	12	ok	ok	ok	ok	There were 12 divergent transitions after warmup. See https://mc-stan.org/misc/warnings.html#divergent-transitions-after-warmup to find out why this is a problem and how to eliminate them. | Examine the pairs() plot to diagnose sampling problems  | Tail Effective Samples Size (ESS) is too low, indicating posterior variances and tail quantiles may be unreliable. Running the chains for more iterations may help. See https://mc-stan.org/misc/warnings.html#tail-ess
sw_sratio	ok	53.0303528308868	1.0021852539077	0	ok	ok	ok	ok	
sw_student	ok	65.8165488243103	1.00235519695608	0	ok	ok	ok	ok	
sw_trunc	ok	48.0168225765228	1.01715459351016	83	ok	ok	ok	ok	There were 83 divergent transitions after warmup. See https://mc-stan.org/misc/warnings.html#divergent-transitions-after-warmup to find out why this is a problem and how to eliminate them. | Examine the pairs() plot to diagnose sampling problems  | Bulk Effective Samples Size (ESS) is too low, indicating posterior means and medians may be unreliable. Running the chains for more iterations may help. See https://mc-stan.org/misc/warnings.html#bulk-ess | Tail Effective Samples Size (ESS) is too low, indicating posterior variances and tail quantiles may be unreliable. Running the chains for more iterations may help. See https://mc-stan.org/misc/warnings.html#tail-ess
sw_vonmises	ok	78.7733516693115	1.39469220635267	0	ok	ok	ok	ok	There were 1421 transitions after warmup that exceeded the maximum treedepth. Increase max_treedepth above 10. See https://mc-stan.org/misc/warnings.html#maximum-treedepth-exceeded | Examine the pairs() plot to diagnose sampling problems  | The largest R-hat is 1.39, indicating chains have not mixed. Running the chains for more iterations may help. See https://mc-stan.org/misc/warnings.html#r-hat | Bulk Effective Samples Size (ESS) is too low, indicating posterior means and medians may be unreliable. Running the chains for more iterations may help. See https://mc-stan.org/misc/warnings.html#bulk-ess | Tail Effective Samples Size (ESS) is too low, indicating posterior variances and tail quantiles may be unreliable. Running the chains for more iterations may help. See https://mc-stan.org/misc/warnings.html#tail-ess
sw_weibull	ok	49.2840332984924	1.00162850591726	0	ok	ok	ok	ok	
sw_weights	ok	47.4496243000031	1.00285876955247	0	ok	ok	ok	ok	
sw_zi_binomial	ok	48.3027231693268	1.00309368249694	0	ok	ok	ok	ok	
sw_zi_negbin	ok	48.8586409091949	1.00199977295089	10	ok	ok	ok	ok	There were 10 divergent transitions after warmup. See https://mc-stan.org/misc/warnings.html#divergent-transitions-after-warmup to find out why this is a problem and how to eliminate them. | Examine the pairs() plot to diagnose sampling problems 
sw_zi_poisson	ok	48.2617862224579	1.00178358851456	0	ok	ok	ok	ok	
