model,collection,stanli_wall_ms,cmdstan_wall_ms,cmdstan_over_stanli,paired_ratio_median,paired_ratio_mad,stanli_peak_rss_mib,cmdstan_peak_rss_mib,max_lp_ulp,max_gradient_ulp,max_output_ulp,stanli_divergences,cmdstan_divergences,stanli_max_rhat,cmdstan_max_rhat,diagnostic_flag
eight_schools_noncentered,control,21.7778,30.7989,1.41423,1.41897,0.0131944,13.8906,4.10938,,,,2,2,1.00338,1.00338,True
i319_gauss_re,brms,317.475,282.227,0.888971,0.855041,0.0750041,18.0312,4.5,0,1,0,0,0,1.00526,1.00509,False
i319_negbin_fixed,brms,186.384,191.053,1.02505,1.06033,0.0510704,14.9922,4.23438,0,0,0,231,231,1.5974,1.59743,True
i319_negbin_re,brms,1010,1045.14,1.0348,1.05834,0.0335772,17.9375,4.48438,0,2,0,0,0,1.00389,1.0055,False
i319_pois_fixed,brms,93.5635,105.511,1.1277,1.10134,0.0381428,14.5391,4.09375,0,0,0,0,0,1.00314,1.00314,False
i319_pois_re,brms,1302.64,1262.84,0.969451,0.961804,0.016768,17.4922,4.39062,0,2,0,0,0,1.00488,1.01098,True
i319_pois_re2,brms,2235.5,2492.06,1.11477,1.10744,0.00979986,19.0625,4.76562,0,2,0,0,0,1.00527,1.00598,False
i320_gp_expquad,brms,654.57,862.009,1.31691,1.30557,0.0279662,16.8828,4.54688,0,0,0,24,26,1.0069,1.00512,True
i320_gp_matern32,brms,1719.17,1764.48,1.02636,0.86928,0.246115,16.7344,4.65625,0,0,0,35,300,1.02352,1.31319,True
i320_mi_nhanes,brms,887.899,906.863,1.02136,1.03002,0.0803685,17.7578,4.34375,0,0,0,14,2,1.00227,1.00215,True
i320_pois_trunc_both,brms,823.054,786.411,0.955479,0.943231,0.00291619,17.4062,4.3125,0,0,0,0,0,1.00288,1.00288,False
i320_pois_trunc_ub,brms,641.5,637.716,0.994101,1.00268,0.00858144,16.4141,4.28125,0,0,0,0,0,1.00288,1.00288,False
i320_sratio_cs,brms,1978.2,2731.95,1.38103,1.34804,0.0181661,27.9844,4.90625,0,0,0,0,0,1.00315,1.00315,False
i320_sratio_plain,brms,1116.57,1516.39,1.35808,1.35669,0.0113644,24.4688,4.5,0,0,0,0,0,1.00163,1.00163,False
s2_ar_cov,brms,108.514,118.934,1.09603,1.15144,0.0811209,18,4.375,0,2,0,0,0,1.00116,1.00091,False
s2_beta_binomial,brms,69.6115,85.5481,1.22894,1.26349,0.053581,15.1797,4.21875,0,0,0,0,0,1.00194,1.00194,False
s2_car,brms,81.6385,125.336,1.53525,1.52762,0.180484,16.7109,4.17188,1,4,0,20,29,1.00708,1.0181,True
s2_car_esicar,brms,70.6235,86.1369,1.21966,1.22572,0.0808026,16.7422,4.21875,1,4,0,104,112,1.00684,1.02552,True
s2_car_icar,brms,2443.21,4316.74,1.76683,1.7659,0.066012,16.1875,4.24219,0,0,0,0,0,1.00263,1.00618,True
s2_categorical_re,brms,288.491,345.424,1.19735,1.19035,0.0590833,18.0156,4.28125,0,8,0,0,3,1.00295,1.00291,True
s2_cens_interval,brms,38.2119,50.7959,1.32932,1.35952,0.0302869,15.7422,4.15625,2,3,0,0,0,1.0023,1.0021,False
s2_com_poisson,brms,1152.72,1104.41,0.958093,0.928639,0.0644872,32.7266,44.7969,0,4,0,0,0,1.00442,1.00613,False
s2_cosy,brms,135.194,146.58,1.08422,1.07895,0.0285695,17.5391,4.32031,1,1,0,0,0,1.00455,1.00308,False
s2_cox,brms,56.6149,112.009,1.97844,1.9784,0.0124568,15.7734,4.20312,1,0,0,0,0,1.00234,1.00166,False
s2_cox_cens,brms,51.4442,119.159,2.31628,2.42379,0.135515,16.1484,4.26562,0,0,0,0,0,1.00155,1.00238,False
s2_cumulative_cauchit,brms,47.5607,119.474,2.51203,2.50464,0.115433,15.7656,4.125,2,3,0,0,0,1.00349,1.00383,False
s2_cumulative_cloglog,brms,51.7177,100.047,1.93448,1.93584,0.17276,15.5234,4.125,1,2,0,0,0,1.00128,1.00158,False
s2_cumulative_probit,brms,88.8271,113.565,1.2785,1.26773,0.0336153,15.3203,4.24219,0,0,0,0,0,1.00113,1.00113,False
s2_custom_vint,brms,79.1888,89.8495,1.13462,1.18847,0.0800106,15.6016,4.21875,0,0,0,0,0,1.00096,1.00097,False
s2_custom_vreal,brms,21.3892,41.7454,1.95171,1.98714,0.13252,15.2969,4.17188,1,2,0,0,0,1.00183,1.00215,False
s2_dirichlet,brms,232.528,277.797,1.19468,1.17609,0.0844991,16.5938,4.29688,0,0,0,0,0,1.00199,1.00199,False
s2_discrete_weibull,brms,151.763,164.9,1.08657,1.01181,0.025568,15.8594,4.17188,0,0,0,0,0,1.00364,1.00364,False
s2_dist_sigma_re,brms,76.336,121.252,1.5884,1.55469,0.0546632,16.5703,4.32812,0,2,0,20,11,1.00634,1.00451,True
s2_fcor,brms,190.119,180.329,0.948503,0.928994,0.0270148,15.6484,4.45312,0,0,0,0,0,1.00296,1.00296,False
s2_frechet,brms,93.2269,148.797,1.59607,1.59627,0.0251713,15.2656,4.25,0,0,0,0,0,1.00473,1.00473,False
s2_gev,brms,127.352,88.4831,0.69479,0.700078,0.0145606,16.4922,4.23438,0,0,0,0,0,1.00176,1.00176,False
s2_gp_approx,brms,55.3283,143.747,2.59807,2.5121,0.245323,16.4141,4.26562,0,0,0,52,111,1.00722,1.01365,True
s2_gp_by_approx,brms,91.4079,225.444,2.46635,2.46726,0.255019,18.0781,4.34375,1,1,0,11,16,1.00295,1.00452,True
s2_gp_by_gr,brms,575.286,824.904,1.4339,1.42705,0.0568255,19.4688,4.625,1,8,0,4,4,1.00587,1.00574,True
s2_gr_by,brms,83.5105,99.0886,1.18654,1.17263,0.0786276,16.6641,4.29688,1,0,0,7,18,1.00307,1.00397,True
s2_gr_student,brms,130.334,174.866,1.34167,1.42799,0.17173,17.0625,4.3125,1,0,0,4,5,1.00413,1.00372,True
s2_hurdle_cumulative,brms,126.806,172.539,1.36065,1.35151,0.0589561,15.875,4.21094,1,0,0,0,0,1.00154,1.00178,False
s2_hurdle_negbin,brms,161.334,147.313,0.913092,0.91342,0.0426576,16.2734,4.17188,0,0,0,0,2,1.00274,1.00236,True
s2_index_mi,brms,55.2293,65.6776,1.18918,1.26269,0.0939696,16.9688,4.28125,1,0,0,0,0,1.00231,1.00144,False
s2_invgaussian,brms,25.6785,55.6696,2.16795,2.07205,0.0872468,15.2109,4.09375,,,,1671,1671,1.00371,1.00371,True
s2_logistic_normal,brms,398.599,479.62,1.20326,1.22037,0.0263824,19.375,4.46094,1,0,0,0,0,1.0029,1.0034,False
s2_me2,brms,408.04,437.675,1.07263,1.07257,0.0953889,17.75,4.53125,1,8,0,0,0,1.00991,1.00942,True
s2_me2_nomecor,brms,259.571,324.335,1.2495,1.27351,0.112544,16.7031,4.32812,0,0,0,0,0,1.01168,1.01694,True
s2_mi_lognormal,brms,39.7543,58.8653,1.48073,1.48,0.0102088,16.3672,4.26562,1,0,0,0,0,1.00328,1.00337,False
s2_mi_trunc_lb,brms,285.934,311.509,1.08944,1.08991,0.12547,17.2109,4.34375,1,0,0,5,2,1.00227,1.00291,True
s2_mixture_theta,brms,1950.31,1631.68,0.836624,1.04734,0.336607,18.2656,4.32812,0,5,0,574,1333,2.12342,2.15026,True
s2_mm,brms,83.9289,93.1851,1.11029,1.11263,0.118316,17.2344,4.32031,0,0,0,4,9,1.00517,1.00863,True
s2_mm_weights,brms,82.5455,84.2731,1.02093,1.02098,0.0426577,17.2578,4.32031,0,0,0,3,107,1.00301,1.02491,True
s2_mmc,brms,180.409,224.259,1.24306,1.20436,0.132265,18.7734,4.4375,1,0,0,4,3,1.00284,1.00345,True
s2_mo_simo_prior,brms,68.1374,78.8237,1.15684,1.15852,0.00227258,16.2109,4.24219,1,0,0,0,0,1.00285,1.00131,False
s2_multinomial,brms,165.772,215.676,1.30104,1.31333,0.060735,16.0781,4.23438,0,0,0,0,0,1.00114,1.00114,False
s2_mv_shared_re,brms,188.242,185.266,0.984192,0.940413,0.0651692,18.8047,4.4375,1,0,0,7,7,1.00289,1.00452,True
s2_mv_subset,brms,31.5191,32.9429,1.04517,1.04518,0.0347133,15.9766,4.14062,0,0,0,0,0,1.00318,1.00123,False
s2_nl_noloop,brms,64.9196,160.84,2.47753,2.35939,0.0635367,15.25,4.29688,0,0,0,25,25,1.00988,1.00988,True
s2_nlf,brms,29.0346,54.4182,1.87426,1.84595,0.0566354,15.5078,4.24219,0,0,0,0,0,1.00122,1.00121,False
s2_rate,brms,21.1588,31.5639,1.49176,1.4958,0.133168,14.6484,4.10938,0,0,0,0,0,1.00427,1.00427,False
s2_s_by,brms,208.769,497.23,2.38172,2.35004,0.0380909,17.5781,4.45312,0,8,0,176,22,1.03741,1.00509,True
s2_s_cc,brms,41.6523,83.1931,1.99732,2.00676,0.0793756,15.2031,4.15625,0,1,0,9,4,1.00147,1.00437,True
s2_sar,brms,67.9924,137.611,2.02392,2.04427,0.0603026,16.1094,4.42188,0,0,0,0,0,1.00343,1.00039,False
s2_sar_error,brms,68.9715,143.018,2.07358,2.00741,0.139219,16.125,4.46875,0,0,0,0,0,1.00186,1.00111,False
s2_shifted_lognormal,brms,28.2808,45.4498,1.60709,1.62768,0.0796834,15.6641,4.29688,0,0,0,0,0,1.00081,1.0021,False
s2_t2_by,brms,124.973,270.009,2.16053,2.14426,0.155068,17.6406,4.46875,1,1,0,2,7,1.00319,1.00311,True
s2_threading,brms,22.6239,25.2275,1.11508,1.12684,0.0531831,15.5859,4.21875,0,0,0,0,0,1.00162,1.00162,False
s2_unstr,brms,448.838,503.063,1.12081,1.12035,0.0704809,19.0156,4.46875,0,10,0,396,182,1.03819,1.00477,True
s2_weights_trunc,brms,215.564,230.041,1.06715,1.07758,0.114739,16.0547,4.20312,0,2,0,20,7,1.00545,1.0101,True
s2_wiener,brms,448.641,463.881,1.03397,1.00968,0.0159956,16.9766,4.61719,1,1,0,0,0,1.00109,1.00154,False
s2_zi_asymlaplace,brms,180.462,140.45,0.778279,0.769759,0.0275394,17.2344,4.21094,1,4,0,0,0,1.00404,1.00279,False
s2_zi_beta,brms,73.739,107.741,1.46111,1.45096,0.0622266,16.4219,4.17188,0,0,0,0,0,1.00133,1.00179,False
s2_zoi_beta,brms,80.3406,125.295,1.55955,1.56329,0.037506,16.3906,4.22656,1,0,0,0,0,1.00154,1.00076,False
sw_acat,brms,718.877,3154.29,4.38779,4.41398,0.0992213,20.1875,4.96875,0,0,0,0,0,1.00162,1.00132,False
sw_acat_cs,brms,1634.85,5309.24,3.24754,3.36046,0.112361,23.8672,5.29688,0,0,0,0,0,1.00223,1.00275,False
sw_ar,brms,43.0282,57.1476,1.32814,1.28179,0.0216415,16.1016,4.23438,0,0,0,0,0,1.00134,1.00134,False
sw_arma,brms,146.275,220.86,1.50989,1.50538,0.0731794,16.7969,4.23438,0,0,0,148,148,1.00481,1.00481,True
sw_asymlaplace,brms,142.777,111.323,0.779699,0.792789,0.0341689,16.3906,4.15625,1,1,0,0,0,1.0061,1.00367,False
sw_bernoulli,brms,20.8549,22.9386,1.09991,1.12325,0.0362281,14.3984,4.09375,0,0,0,0,0,1.0016,1.0016,False
sw_beta,brms,37.979,52.7309,1.38842,1.41563,0.0524679,15.1406,4.21875,0,0,0,0,0,1.00601,1.00601,False
sw_binomial,brms,31.1792,39.9818,1.28232,1.29277,0.0761209,14.5703,4.125,0,0,0,0,0,1.00345,1.00344,False
sw_categorical,brms,32.7462,35.002,1.06889,1.07085,0.0020037,15.2656,4.17188,0,0,0,0,0,1.00098,1.00098,False
sw_cens,brms,35.7555,52.617,1.47158,1.44009,0.0245412,15.5469,4.23438,0,0,0,0,0,1.0021,1.0021,False
sw_cratio,brms,791.339,1066.86,1.34817,1.34049,0.00938461,24.3125,4.45312,0,0,0,0,0,1.00174,1.00174,False
sw_cratio_cs,brms,1449.94,1989.33,1.37201,1.38275,0.00467226,27.8984,4.875,0,0,0,0,0,1.0025,1.0025,False
sw_cumulative,brms,305.698,311.932,1.02039,1.01067,0.0306179,15.25,4.27344,0,0,0,0,0,1.00235,1.00235,False
sw_cumulative_cs,brms,1494.21,1521.58,1.01832,1.01824,0.00317193,23.3516,4.73438,0,0,0,165,165,1.00339,1.00338,True
sw_dist_sigma,brms,27.576,47.9467,1.73871,1.73103,0.0738718,15.4844,4.23438,0,0,0,0,0,1.00144,1.00144,False
sw_exgaussian,brms,52.0056,90.132,1.73312,1.70608,0.273764,15.4141,4.26562,0,0,0,28,97,1.00438,1.01366,True
sw_gamma,brms,23.088,38.0777,1.64924,1.6732,0.148272,15.0625,4.23438,0,6,0,0,0,1.00138,1.00217,False
sw_gaussian,brms,22.4362,24.3751,1.08642,1.08449,0.00901541,14.9297,4.16406,0,0,0,0,0,1.00463,1.00464,False
sw_gp,brms,1024.69,1227.67,1.1981,1.30968,0.02536,17.0781,4.625,0,0,0,50,283,1.01538,1.13981,True
sw_hurdle_gamma,brms,53.6604,73.7484,1.37435,1.33512,0.0566109,16.1406,4.20312,1,0,0,0,0,1.00169,1.00122,False
sw_hurdle_lognormal,brms,36.0747,59.2537,1.64253,1.60719,0.0441122,15.875,4.29688,0,0,0,0,0,1.0015,1.00093,False
sw_hurdle_pois,brms,41.8693,68.2639,1.63041,1.62564,0.013472,15.6328,4.125,2,0,0,0,0,1.00171,1.00059,False
sw_lognormal,brms,21.5512,31.8989,1.48015,1.49566,0.145805,15.1719,4.1875,0,0,0,0,0,1.00152,1.00153,False
sw_ma,brms,44.0434,57.5405,1.30645,1.33917,0.0808248,17.0078,4.23438,0,0,0,0,0,1.00132,1.00132,False
sw_me,brms,104.242,195.123,1.87182,2.06099,0.368677,16.0938,4.26562,1,0,0,0,0,1.02554,1.01266,True
sw_mi,brms,37.5353,40.5025,1.07905,1.06513,0.0336805,16.1641,4.25781,1,0,0,0,0,1.00221,1.00238,False
sw_mixture,brms,1861.57,2576.38,1.38398,1.39081,0.0453322,17.2891,4.28125,1,4,0,0,0,1.61819,1.86251,True
sw_mono,brms,64.775,73.9918,1.14229,1.14237,0.0491182,16.2031,4.26562,0,0,0,0,0,1.00202,1.00204,False
sw_mv_norescor,brms,31.6662,33.5839,1.06056,1.0646,0.0322026,15.9297,4.20312,0,0,0,0,0,1.00122,1.00154,False
sw_mv_rescor,brms,133.823,163.109,1.21885,1.19455,0.046803,17.7344,4.40625,0,0,0,0,0,1.00244,1.00214,False
sw_negbinomial,brms,2621.39,3241.88,1.2367,1.22526,0.0082305,14.6016,4.09375,0,0,0,576,576,3.70494,,True
sw_nonlinear,brms,25.0166,47.6859,1.90617,2.001,0.139213,15.3125,4.28125,0,0,0,0,0,1.00153,1.00153,False
sw_poisson,brms,22.816,27.0711,1.1865,1.19866,0.0997476,14.3516,4.0625,0,0,0,0,0,1.00126,1.00125,False
sw_re_bern,brms,63.2821,81.8431,1.29331,1.20787,0.0516938,16.1016,4.20312,0,0,0,1,0,1.00786,1.00163,True
sw_re_gauss,brms,68.282,75.1354,1.10037,1.09838,0.0645616,16.6016,4.29688,0,0,0,1,7,1.00267,1.00242,True
sw_re_negbin,brms,3927.46,4953.32,1.2612,1.21193,0.144562,16.3672,4.21875,0,0,0,773,1309,4.46251,35.868,True
sw_re_pois,brms,69.8994,88.6477,1.26822,1.22898,0.00684429,16.1016,4.1875,0,0,0,13,44,1.00484,1.01529,True
sw_re_slope,brms,183.401,208.55,1.13712,1.1198,0.0947463,18.0391,4.39062,1,0,0,66,11,1.01004,1.00287,True
sw_se,brms,19.0315,25.6016,1.34523,1.33359,0.0176134,14.6797,4.125,0,0,0,0,0,1.00099,1.00099,False
sw_skewnormal,brms,52.1911,61.9488,1.18696,1.21591,0.038818,16.3438,4.21094,0,0,0,0,0,1.00189,1.00189,False
sw_spline_s,brms,61.9715,162.029,2.61457,2.58455,0.362622,15.4766,4.15625,0,0,0,97,27,1.01277,1.00247,True
sw_spline_t2,brms,81.9251,174.955,2.13555,2.15735,0.294971,16.1719,4.28125,0,1,0,1,63,1.00449,1.02583,True
sw_sratio,brms,798.051,1073.68,1.34538,1.34936,0.00906928,24.1562,4.45312,0,0,0,0,0,1.00174,1.00174,False
sw_student,brms,26.4209,39.1868,1.48318,1.43996,0.0198573,15.4297,4.21094,0,0,0,0,0,1.00358,1.00257,False
sw_trunc,brms,205.076,223.366,1.08919,1.08856,0.0470872,15.9141,4.21875,0,0,0,51,51,1.01632,1.01632,True
sw_vonmises,brms,827.031,1649.45,1.99442,1.97572,0.00720064,15.0234,4.14062,0,0,0,0,0,2.61377,2.61411,True
sw_weibull,brms,43.7654,55.9074,1.27743,1.32032,0.0478595,15.25,4.20312,0,0,0,0,0,1.00174,1.00173,False
sw_weights,brms,24.4773,41.1059,1.67935,1.6626,0.0351043,15.2109,4.17188,0,0,0,0,0,1.00177,1.00177,False
sw_zi_binomial,brms,49.9959,70.6883,1.41388,1.42947,0.0820825,15.7031,4.09375,0,2,0,0,0,1.00196,1.00158,False
sw_zi_negbin,brms,82.7545,123.508,1.49247,1.59674,0.228872,15.7422,4.17188,0,0,0,6,9,1.00114,1.00393,True
sw_zi_poisson,brms,35.5558,52.3257,1.47165,1.42962,0.0531952,15.4375,4.09375,1,0,0,0,0,1.00386,1.00141,False
