model	v3_max_ulp	v3_max_rel	v3_values_moved	v3_status	v3nofma_max_ulp	v3nofma_max_rel	v3nofma_values_moved	v3nofma_status	control_max_ulp	control_max_rel	control_values_moved	control_status
GLM_Binomial_model	0	0.000e+00	0	OK	0	0.000e+00	0	OK	0	0.000e+00	0	OK
GLMM_Poisson_model	2	3.175e-16	3	OK	2	3.175e-16	3	OK	0	0.000e+00	0	OK
GLMM1_model	48	6.758e-15	5	OK	48	6.758e-15	5	OK	0	0.000e+00	0	OK
GLM_Poisson_model	0	0.000e+00	0	OK	0	0.000e+00	0	OK	0	0.000e+00	0	OK
2pl_latent_reg_irt	9007199254740992	9.992e-16	149	OK	9570149208162304	8.946e-16	152	OK	0	0.000e+00	0	OK
M0_model	0	0.000e+00	0	OK	0	0.000e+00	0	OK	0	0.000e+00	0	OK
Mt_model	0	0.000e+00	0	OK	0	0.000e+00	0	OK	0	0.000e+00	0	OK
Mh_model	0	0.000e+00	0	OK	0	0.000e+00	0	OK	0	0.000e+00	0	OK
Rate_1_model	0	0.000e+00	0	OK	0	0.000e+00	0	OK	0	0.000e+00	0	OK
Rate_2_model	0	0.000e+00	0	OK	0	0.000e+00	0	OK	0	0.000e+00	0	OK
Mth_model	0	0.000e+00	0	OK	0	0.000e+00	0	OK	0	0.000e+00	0	OK
Rate_3_model	0	0.000e+00	0	OK	0	0.000e+00	0	OK	0	0.000e+00	0	OK
Mtbh_model	0	0.000e+00	0	OK	0	0.000e+00	0	OK	0	0.000e+00	0	OK
Rate_4_model	0	0.000e+00	0	OK	0	0.000e+00	0	OK	0	0.000e+00	0	OK
Rate_5_model	0	0.000e+00	0	OK	0	0.000e+00	0	OK	0	0.000e+00	0	OK
aalto_bern	0	0.000e+00	0	OK	0	0.000e+00	0	OK	0	0.000e+00	0	OK
aalto_binom	0	0.000e+00	0	OK	0	0.000e+00	0	OK	0	0.000e+00	0	OK
aalto_binomb	0	0.000e+00	0	OK	0	0.000e+00	0	OK	0	0.000e+00	0	OK
Survey_model	0	0.000e+00	0	OK	0	0.000e+00	0	OK	0	0.000e+00	0	OK
aalto_binom2	0	0.000e+00	0	OK	0	0.000e+00	0	OK	0	0.000e+00	0	OK
aalto_grp_aov	0	0.000e+00	0	OK	0	0.000e+00	0	OK	0	0.000e+00	0	OK
aalto_grp_prior_mean	0	0.000e+00	0	OK	0	0.000e+00	0	OK	0	0.000e+00	0	OK
Mb_model	0	0.000e+00	0	OK	0	0.000e+00	0	OK	0	0.000e+00	0	OK
aalto_gpareto	0	0.000e+00	0	OK	0	0.000e+00	0	OK	0	0.000e+00	0	OK
aalto_grp_prior_mean_var	0	0.000e+00	0	OK	0	0.000e+00	0	OK	0	0.000e+00	0	OK
aalto_lin	0	0.000e+00	0	OK	0	0.000e+00	0	OK	0	0.000e+00	0	OK
aalto_lin_std	0	0.000e+00	0	OK	0	0.000e+00	0	OK	0	0.000e+00	0	OK
aalto_lin_std_t	0	0.000e+00	0	OK	0	0.000e+00	0	OK	0	0.000e+00	0	OK
aalto_poisson_simple	0	0.000e+00	0	OK	0	0.000e+00	0	OK	0	0.000e+00	0	OK
arK	2	3.955e-16	4	OK	2	3.955e-16	4	OK	0	0.000e+00	0	OK
accel_splines	118	6.550e-15	177	OK	19	1.539e-15	164	OK	0	0.000e+00	0	OK
accel_gp	154	7.198e-16	66	OK	174	3.023e-15	68	OK	0	0.000e+00	0	OK
blr	104	1.536e-14	15	OK	80	1.181e-14	16	OK	0	0.000e+00	0	OK
arma11	1	1.958e-16	4	OK	1	1.958e-16	4	OK	0	0.000e+00	0	OK
aalto_poisson_hurdle	0	0.000e+00	0	OK	0	0.000e+00	0	OK	0	0.000e+00	0	OK
ch09_m5_8s2	1	2.218e-16	4	OK	1	2.218e-16	4	OK	0	0.000e+00	0	OK
ch09_m5_8s	2	2.649e-16	2	OK	2	2.649e-16	2	OK	0	0.000e+00	0	OK
bym2_offset_only	8774579835620177436	4.461e-15	3323	OK	3	6.176e-16	3	OK	0	0.000e+00	0	OK
ch09_m9_1_chains4	3	5.929e-16	3	OK	3	5.929e-16	3	OK	0	0.000e+00	0	OK
ch09_m9_1	3	5.929e-16	3	OK	3	5.929e-16	3	OK	0	0.000e+00	0	OK
ch09_m9_2	0	0.000e+00	0	OK	0	0.000e+00	0	OK	0	0.000e+00	0	OK
bones_model	0	0.000e+00	0	OK	0	0.000e+00	0	OK	0	0.000e+00	0	OK
ch09_m9_3	0	0.000e+00	0	OK	0	0.000e+00	0	OK	0	0.000e+00	0	OK
ch09_m9_4	1	1.867e-16	7	OK	1	1.867e-16	7	OK	0	0.000e+00	0	OK
ch09_m9_5	1	1.867e-16	7	OK	1	1.867e-16	7	OK	0	0.000e+00	0	OK
ch09_mp	0	0.000e+00	0	OK	0	0.000e+00	0	OK	0	0.000e+00	0	OK
ch11_m11_10	0	0.000e+00	0	OK	0	0.000e+00	0	OK	0	0.000e+00	0	OK
ch11_m11_11	1	1.804e-16	1	OK	1	1.804e-16	1	OK	0	0.000e+00	0	OK
ch11_m11_7	0	0.000e+00	0	OK	0	0.000e+00	0	OK	0	0.000e+00	0	OK
ch11_m11_6	0	0.000e+00	0	OK	0	0.000e+00	0	OK	0	0.000e+00	0	OK
ch11_m11_9	0	0.000e+00	0	OK	0	0.000e+00	0	OK	0	0.000e+00	0	OK
ch11_m11_8	0	0.000e+00	0	OK	0	0.000e+00	0	OK	0	0.000e+00	0	OK
ch11_m11_4	0	0.000e+00	0	OK	0	0.000e+00	0	OK	0	0.000e+00	0	OK
ch11_m11_5	0	0.000e+00	0	OK	0	0.000e+00	0	OK	0	0.000e+00	0	OK
ch11_m_pois	0	0.000e+00	0	OK	0	0.000e+00	0	OK	0	0.000e+00	0	OK
ch12_m12_1	0	0.000e+00	0	OK	0	0.000e+00	0	OK	0	0.000e+00	0	OK
ch12_m12_2	0	0.000e+00	0	OK	0	0.000e+00	0	OK	0	0.000e+00	0	OK
ch12_m12_3	0	0.000e+00	0	OK	0	0.000e+00	0	OK	0	0.000e+00	0	OK
ch12_m12_3_alt	0	0.000e+00	0	OK	0	0.000e+00	0	OK	0	0.000e+00	0	OK
ch12_m12_4	1	1.507e-16	2	OK	1	1.507e-16	2	OK	0	0.000e+00	0	OK
ch13_m13_1	0	0.000e+00	0	OK	0	0.000e+00	0	OK	0	0.000e+00	0	OK
ch13_m13_2	1	1.110e-16	1	OK	1	1.110e-16	1	OK	0	0.000e+00	0	OK
ch13_m13_3	3	3.707e-16	2	OK	3	3.707e-16	2	OK	0	0.000e+00	0	OK
ch13_m13_4	1	1.471e-16	1	OK	1	1.471e-16	1	OK	0	0.000e+00	0	OK
ch13_m13_4b	1	1.471e-16	1	OK	1	1.471e-16	1	OK	0	0.000e+00	0	OK
ch13_m13_4nc	0	0.000e+00	0	OK	0	0.000e+00	0	OK	0	0.000e+00	0	OK
ch13_m13_5	0	0.000e+00	0	OK	0	0.000e+00	0	OK	0	0.000e+00	0	OK
ch13_m13_6	1	1.471e-16	1	OK	1	1.471e-16	1	OK	0	0.000e+00	0	OK
ch13_m13_7	0	0.000e+00	0	OK	0	0.000e+00	0	OK	0	0.000e+00	0	OK
ch13_m13_7nc	0	0.000e+00	0	OK	0	0.000e+00	0	OK	0	0.000e+00	0	OK
ch12_m12_7	10	1.118e-15	6	OK	10	1.118e-15	6	OK	0	0.000e+00	0	OK
ch14_m14_1	2	2.525e-16	4	OK	2	2.525e-16	4	OK	0	0.000e+00	0	OK
ch14_m14_10	222	2.715e-14	13	OK	100	1.147e-14	12	OK	0	0.000e+00	0	OK
ch14_m14_2	4	4.441e-16	11	OK	0	0.000e+00	0	OK	0	0.000e+00	0	OK
ch12_m12_5	1	1.507e-16	2	OK	1	1.507e-16	2	OK	0	0.000e+00	0	OK
ch14_m14_4	4	4.458e-16	4	OK	4	4.458e-16	4	OK	0	0.000e+00	0	OK
ch14_m14_4x	4	4.458e-16	4	OK	4	4.458e-16	4	OK	0	0.000e+00	0	OK
ch14_m14_3	8	4.440e-16	19	OK	0	0.000e+00	0	OK	0	0.000e+00	0	OK
ch14_m14_5	4	5.946e-16	3	OK	4	5.946e-16	3	OK	0	0.000e+00	0	OK
ch14_m14_6	0	0.000e+00	0	OK	0	0.000e+00	0	OK	0	0.000e+00	0	OK
ch14_m14_6x	0	0.000e+00	0	OK	0	0.000e+00	0	OK	0	0.000e+00	0	OK
ch12_m12_6	7	8.233e-16	5	OK	7	8.233e-16	5	OK	0	0.000e+00	0	OK
ch14_m14_8	4	7.843e-16	4	OK	3	4.255e-16	6	OK	0	0.000e+00	0	OK
ch14_m14_7	256	3.156e-15	100	OK	2	3.351e-16	3	OK	0	0.000e+00	0	OK
ch14_m14_9	1	1.870e-16	2	OK	2	3.740e-16	2	OK	0	0.000e+00	0	OK
ch14_m14_8nc	5	7.176e-16	10	OK	5	7.176e-16	9	OK	0	0.000e+00	0	OK
ch15_m15_1	1	1.608e-16	4	OK	1	1.608e-16	4	OK	0	0.000e+00	0	OK
ch15_m15_2	1	1.424e-16	2	OK	1	1.424e-16	2	OK	0	0.000e+00	0	OK
ch15_m15_3	0	0.000e+00	0	OK	0	0.000e+00	0	OK	0	0.000e+00	0	OK
ch15_m15_5	2	4.441e-16	6	OK	2	4.441e-16	6	OK	0	0.000e+00	0	OK
ch15_m15_4	0	0.000e+00	0	OK	0	0.000e+00	0	OK	0	0.000e+00	0	OK
ch15_m15_6	70368744177664	2.884e-16	5	OK	70368744177664	2.884e-16	5	OK	0	0.000e+00	0	OK
ch15_m15_8	16	3.547e-15	2	OK	16	3.547e-15	2	OK	0	0.000e+00	0	OK
ch15_m15_7	8	4.441e-16	13	OK	8	4.441e-16	10	OK	0	0.000e+00	0	OK
ch16_m16_4	0	0.000e+00	0	OK	0	0.000e+00	0	OK	0	0.000e+00	0	OK
ch15_m15_9	16	3.547e-15	2	OK	16	3.547e-15	2	OK	0	0.000e+00	0	OK
cholesky_cov_param_block	0	0.000e+00	0	OK	0	0.000e+00	0	OK	0	0.000e+00	0	OK
ch16_m16_1	0	0.000e+00	0	OK	0	0.000e+00	0	OK	0	0.000e+00	0	OK
cm_betagate	2	3.019e-16	3	OK	0	0.000e+00	0	OK	0	0.000e+00	0	OK
cm_bisa	1	3.388e-21	1	OK	1	1.110e-16	2	OK	0	0.000e+00	0	OK
cm_betadiscrete	63	6.994e-15	4	OK	51	5.662e-15	4	OK	0	0.000e+00	0	OK
cm_exgaussian	7	1.271e-15	3	OK	8	1.453e-15	2	OK	0	0.000e+00	0	OK
cm_choco	24	1.332e-15	3	OK	18	9.992e-16	3	OK	0	0.000e+00	0	OK
cm_gamma	1	1.710e-16	1	OK	0	0.000e+00	0	OK	0	0.000e+00	0	OK
cm_geg	108	7.494e-16	2	OK	1	6.939e-18	1	OK	0	0.000e+00	0	OK
cm_invgamma	1	1.693e-16	2	OK	0	0.000e+00	0	OK	0	0.000e+00	0	OK
cm_ddm	2	2.224e-16	5	OK	1	1.388e-17	2	OK	0	0.000e+00	0	OK
ch14_m14_11	205	3.339e-14	18	OK	118	1.554e-14	16	OK	0	0.000e+00	0	OK
cm_invweibull	74	4.108e-15	2	OK	1	5.551e-17	1	OK	0	0.000e+00	0	OK
cm_exwald	2	5.551e-17	1	OK	0	0.000e+00	0	OK	0	0.000e+00	0	OK
cm_lba1	1	2.065e-16	1	OK	1	2.065e-16	1	OK	0	0.000e+00	0	OK
cm_lba2	0	0.000e+00	0	OK	0	0.000e+00	0	OK	0	0.000e+00	0	OK
cm_loggamma	5	8.086e-16	2	OK	4	6.469e-16	3	OK	0	0.000e+00	0	OK
cm_lognormal	2	3.314e-16	4	OK	8	9.966e-16	4	OK	0	0.000e+00	0	OK
cm_logstudent	1	1.841e-16	1	OK	1	1.881e-16	1	OK	0	0.000e+00	0	OK
cm_invgaussian	2	6.939e-18	2	OK	2	6.939e-18	2	OK	0	0.000e+00	0	OK
cm_logweibull	1	1.381e-16	3	OK	0	0.000e+00	0	OK	0	0.000e+00	0	OK
cm_weibull	1	1.496e-16	1	OK	1	1.496e-16	1	OK	0	0.000e+00	0	OK
cm_lnr	2	1.777e-16	2	OK	2	5.551e-17	1	OK	0	0.000e+00	0	OK
cm_rdm	0	0.000e+00	0	OK	0	0.000e+00	0	OK	0	0.000e+00	0	OK
cm_lnr_bench	1	1.596e-16	3	OK	0	0.000e+00	0	OK	0	0.000e+00	0	OK
declare-define-multi	0	0.000e+00	0	OK	0	0.000e+00	0	OK	0	0.000e+00	0	OK
diamonds	13384	1.765e-12	79	OK	13888	1.831e-12	79	OK	0	0.000e+00	0	OK
dogs	0	0.000e+00	0	OK	0	0.000e+00	0	OK	0	0.000e+00	0	OK
dogs_hierarchical	0	0.000e+00	0	OK	0	0.000e+00	0	OK	0	0.000e+00	0	OK
dogs_log	0	0.000e+00	0	OK	0	0.000e+00	0	OK	0	0.000e+00	0	OK
dogs_nonhierarchical	8	4.441e-16	13	OK	0	0.000e+00	0	OK	0	0.000e+00	0	OK
dugongs_model	1	2.189e-16	1	OK	1	2.189e-16	1	OK	0	0.000e+00	0	OK
earn_height	6	7.331e-16	3	OK	6	7.331e-16	3	OK	0	0.000e+00	0	OK
eight_schools_centered	0	0.000e+00	0	OK	0	0.000e+00	0	OK	0	0.000e+00	0	OK
eight_schools_noncentered	0	0.000e+00	0	OK	0	0.000e+00	0	OK	0	0.000e+00	0	OK
election88_full	2	2.813e-16	2	OK	2	2.813e-16	2	OK	0	0.000e+00	0	OK
extra_hurdle_poisson	0	0.000e+00	0	OK	0	0.000e+00	0	OK	0	0.000e+00	0	OK
garch11	1	1.983e-16	1	OK	1	2.051e-16	2	OK	0	0.000e+00	0	OK
gp_pois_regr	1	1.814e-16	5	OK	1	1.814e-16	5	OK	0	0.000e+00	0	OK
gp_regr	0	0.000e+00	0	OK	0	0.000e+00	0	OK	0	0.000e+00	0	OK
gpcm_latent_reg_irt	4096	3.246e-13	173	OK	4096	3.246e-13	148	OK	0	0.000e+00	0	OK
grsm_latent_reg_irt	92	1.488e-14	303	OK	92	1.488e-14	31	OK	0	0.000e+00	0	OK
hier_2pl	0	0.000e+00	0	OK	0	0.000e+00	0	OK	0	0.000e+00	0	OK
hierarchical_gp	559	3.220e-15	686	OK	158	3.220e-15	21	OK	0	0.000e+00	0	OK
hmm_drive_0	0	0.000e+00	0	OK	0	0.000e+00	0	OK	0	0.000e+00	0	OK
hmm_drive_1	0	0.000e+00	0	OK	0	0.000e+00	0	OK	0	0.000e+00	0	OK
hmm_example	0	0.000e+00	0	OK	0	0.000e+00	0	OK	0	0.000e+00	0	OK
hmm_gaussian	45	1.561e-15	13	OK	45	1.561e-15	13	OK	0	0.000e+00	0	OK
i319_gauss_re	14	1.936e-15	13	OK	10	1.383e-15	13	OK	0	0.000e+00	0	OK
i319_negbin_fixed	7	1.084e-15	10	OK	11	1.703e-15	13	OK	0	0.000e+00	0	OK
i319_negbin_re	9	1.403e-15	13	OK	14	2.456e-15	10	OK	0	0.000e+00	0	OK
i319_pois_fixed	5	9.727e-16	12	OK	8	1.556e-15	10	OK	0	0.000e+00	0	OK
i319_pois_re	10	1.915e-15	10	OK	10	1.915e-15	10	OK	0	0.000e+00	0	OK
i319_pois_re2	5	9.727e-16	19	OK	8	1.556e-15	15	OK	0	0.000e+00	0	OK
i320_gp_expquad	1552816542890	8.687e-08	102	OK	16	3.848e-16	38	OK	0	0.000e+00	0	OK
i320_gp_matern32	52112	9.831e-13	91	OK	64	3.909e-16	45	OK	0	0.000e+00	0	OK
i320_mi_nhanes	2	3.868e-16	6	OK	8	1.291e-15	7	OK	0	0.000e+00	0	OK
i320_pois_trunc_both	5	1.008e-15	7	OK	8	1.556e-15	7	OK	0	0.000e+00	0	OK
i320_pois_trunc_ub	5	1.008e-15	7	OK	8	1.556e-15	7	OK	0	0.000e+00	0	OK
i320_sratio_cs	724	8.038e-14	5	OK	724	8.038e-14	5	OK	0	0.000e+00	0	OK
i320_sratio_plain	514	5.707e-14	7	OK	514	5.707e-14	7	OK	0	0.000e+00	0	OK
ctsem_ctsm	109	1.210e-14	61	OK	0	0.000e+00	0	OK	0	0.000e+00	0	OK
irt_2pl	2	2.863e-16	2	OK	2	2.863e-16	2	OK	0	0.000e+00	0	OK
kidscore_interaction	1	1.515e-16	3	OK	1	1.515e-16	3	OK	0	0.000e+00	0	OK
kidscore_interaction_c	3	4.385e-16	2	OK	3	4.385e-16	2	OK	0	0.000e+00	0	OK
kidscore_interaction_c2	2	2.924e-16	2	OK	2	2.924e-16	2	OK	0	0.000e+00	0	OK
kidscore_interaction_z	73	9.400e-15	7	OK	73	9.400e-15	7	OK	0	0.000e+00	0	OK
covid19imperial_v2	2	4.011e-16	34	OK	2	4.011e-16	34	OK	0	0.000e+00	0	OK
kidscore_momhs	1	2.215e-16	2	OK	1	2.215e-16	2	OK	0	0.000e+00	0	OK
kidscore_mom_work	2	3.661e-16	3	OK	2	3.661e-16	3	OK	0	0.000e+00	0	OK
kidscore_momhsiq	3	4.209e-16	3	OK	3	4.209e-16	3	OK	0	0.000e+00	0	OK
kidscore_momiq	1	2.215e-16	4	OK	1	2.215e-16	4	OK	0	0.000e+00	0	OK
kilpisjarvi	1	1.406e-16	4	OK	1	1.406e-16	4	OK	0	0.000e+00	0	OK
kronecker_gp	109002280304640	1.811e-02	870	OK	136186047065308	2.672e-02	866	OK	0	0.000e+00	0	OK
ldaK2	0	0.000e+00	0	OK	0	0.000e+00	0	OK	0	0.000e+00	0	OK
log10earn_height	6	9.194e-16	5	OK	6	9.194e-16	5	OK	0	0.000e+00	0	OK
logearn_height	8	1.037e-15	6	OK	8	1.037e-15	5	OK	0	0.000e+00	0	OK
logearn_height_male	8	1.306e-15	5	OK	8	1.306e-15	4	OK	0	0.000e+00	0	OK
logearn_interaction	8	1.037e-15	6	OK	8	1.037e-15	6	OK	0	0.000e+00	0	OK
logearn_interaction_z	8	1.037e-15	8	OK	8	1.037e-15	6	OK	0	0.000e+00	0	OK
logearn_logheight_male	8	1.088e-15	7	OK	8	1.088e-15	6	OK	0	0.000e+00	0	OK
logistic_regression_rhs	1113	8.771e-15	4063	OK	1302	5.662e-15	3913	OK	0	0.000e+00	0	OK
covid19imperial_v3	2	4.011e-16	34	OK	2	4.011e-16	34	OK	0	0.000e+00	0	OK
logmesquite	2	2.869e-16	6	OK	2	2.869e-16	4	OK	0	0.000e+00	0	OK
logmesquite_logva	1	2.018e-16	4	OK	1	2.000e-16	3	OK	0	0.000e+00	0	OK
logmesquite_logvas	1	1.629e-16	3	OK	1	1.429e-16	2	OK	0	0.000e+00	0	OK
logmesquite_logvash	1	1.977e-16	3	OK	1	1.533e-16	1	OK	0	0.000e+00	0	OK
logmesquite_logvolume	1	1.172e-16	1	OK	1	1.172e-16	1	OK	0	0.000e+00	0	OK
lotka_volterra	32	1.776e-15	5	OK	2	4.353e-16	1	OK	0	0.000e+00	0	OK
losscurve_sislob	70368744177664	3.469e-18	1	OK	70368744177664	3.469e-18	1	OK	0	0.000e+00	0	OK
low_dim_gauss_mix	0	0.000e+00	0	OK	0	0.000e+00	0	OK	0	0.000e+00	0	OK
low_dim_gauss_mix_collapse	0	0.000e+00	0	OK	0	0.000e+00	0	OK	0	0.000e+00	0	OK
lupdf-inlining	0	0.000e+00	0	OK	0	0.000e+00	0	OK	0	0.000e+00	0	OK
lsat_model	0	0.000e+00	0	OK	0	0.000e+00	0	OK	0	0.000e+00	0	OK
mesquite	1	2.045e-16	3	OK	1	2.045e-16	3	OK	0	0.000e+00	0	OK
multi_occupancy	0	0.000e+00	0	OK	0	0.000e+00	0	OK	0	0.000e+00	0	OK
multidim_var_param_ar45_mat23	0	0.000e+00	0	OK	0	0.000e+00	0	OK	0	0.000e+00	0	OK
nes	3	4.559e-16	4	OK	3	4.559e-16	4	OK	0	0.000e+00	0	OK
nes_logit_model	24	3.288e-15	7	OK	24	3.288e-15	7	OK	0	0.000e+00	0	OK
iohmm_reg	2128	3.708e-15	47	OK	3152	3.708e-15	46	OK	0	0.000e+00	0	OK
nn_rbm1bJ10	39008	8.461e-14	3726	OK	72512	7.164e-14	3657	OK	0	0.000e+00	0	OK
normal_mixture	0	0.000e+00	0	OK	0	0.000e+00	0	OK	0	0.000e+00	0	OK
mother	0	0.000e+00	0	OK	0	0.000e+00	0	OK	0	0.000e+00	0	OK
one_comp_mm_elim_abs	1536	8.438e-15	11	OK	32	2.220e-16	1	OK	0	0.000e+00	0	OK
operators	0	0.000e+00	0	OK	0	0.000e+00	0	OK	0	0.000e+00	0	OK
pilots	1	1.777e-16	1	OK	1	1.777e-16	1	OK	0	0.000e+00	0	OK
prophet	3072	1.055e-14	152	OK	2816	1.055e-14	151	OK	0	0.000e+00	0	OK
normal_mixture_k	2	3.637e-16	3	OK	2	2.336e-16	2	OK	0	0.000e+00	0	OK
radon_county	16	2.317e-15	6	OK	16	2.317e-15	6	OK	0	0.000e+00	0	OK
radon_county_intercept	25	3.828e-15	6	OK	25	3.828e-15	6	OK	0	0.000e+00	0	OK
radon_hierarchical_intercept_centered	1024	3.828e-15	10	OK	1024	3.828e-15	10	OK	0	0.000e+00	0	OK
radon_partially_pooled_centered	25	3.828e-15	10	OK	25	3.828e-15	10	OK	0	0.000e+00	0	OK
radon_hierarchical_intercept_noncentered	25	3.828e-15	6	OK	25	3.828e-15	6	OK	0	0.000e+00	0	OK
radon_pooled	25	3.828e-15	6	OK	25	3.828e-15	6	OK	0	0.000e+00	0	OK
radon_partially_pooled_noncentered	25	3.828e-15	6	OK	25	3.828e-15	6	OK	0	0.000e+00	0	OK
radon_variable_intercept_centered	25	3.828e-15	7	OK	25	3.828e-15	7	OK	0	0.000e+00	0	OK
radon_variable_intercept_noncentered	25	3.828e-15	6	OK	25	3.828e-15	6	OK	0	0.000e+00	0	OK
radon_variable_intercept_slope_centered	32	3.828e-15	13	OK	32	3.828e-15	13	OK	0	0.000e+00	0	OK
radon_variable_intercept_slope_noncentered	25	3.828e-15	4	OK	25	3.828e-15	4	OK	0	0.000e+00	0	OK
radon_variable_slope_centered	25	3.828e-15	8	OK	25	3.828e-15	8	OK	0	0.000e+00	0	OK
rats_model	1	1.926e-16	5	OK	1	1.926e-16	5	OK	0	0.000e+00	0	OK
ldaK5	1538246	1.641e-13	12988	OK	11585	5.082e-14	1310	OK	0	0.000e+00	0	OK
reductions_allowed	0	0.000e+00	0	OK	0	0.000e+00	0	OK	0	0.000e+00	0	OK
s2_beta_binomial	2	3.398e-16	2	OK	0	0.000e+00	0	OK	0	0.000e+00	0	OK
s2_ar_cov	2	3.765e-16	3	OK	0	0.000e+00	0	OK	0	0.000e+00	0	OK
s2_car	5	5.551e-16	6	OK	5	6.874e-16	6	OK	0	0.000e+00	0	OK
s2_car_esicar	2	3.765e-16	3	OK	2	2.625e-16	1	OK	0	0.000e+00	0	OK
radon_variable_slope_noncentered	25	3.828e-15	6	OK	25	3.828e-15	6	OK	0	0.000e+00	0	OK
s2_car_icar	2	2.625e-16	5	OK	2	3.765e-16	5	OK	0	0.000e+00	0	OK
s2_cens_interval	2	3.004e-16	3	OK	4	8.141e-16	1	OK	0	0.000e+00	0	OK
s2_categorical_re	8	8.882e-16	5	OK	8	1.269e-15	3	OK	0	0.000e+00	0	OK
s2_cox	53	1.055e-15	14	OK	39	2.165e-15	9	OK	0	0.000e+00	0	OK
s2_cosy	8	9.154e-16	5	OK	8	8.882e-16	6	OK	0	0.000e+00	0	OK
s2_cumulative_cauchit	30	8.882e-16	4	OK	0	0.000e+00	0	OK	0	0.000e+00	0	OK
s2_cox_cens	43	6.661e-16	11	OK	28	8.882e-16	11	OK	0	0.000e+00	0	OK
s2_com_poisson	40	4.441e-15	3	OK	16	2.148e-15	3	OK	0	0.000e+00	0	OK
s2_cumulative_probit	1	2.002e-16	3	OK	2	3.395e-16	3	OK	0	0.000e+00	0	OK
s2_cumulative_cloglog	1	1.574e-16	2	OK	1	1.397e-16	1	OK	0	0.000e+00	0	OK
s2_custom_vint	2	3.398e-16	2	OK	0	0.000e+00	0	OK	0	0.000e+00	0	OK
s2_custom_vreal	28	4.838e-15	4	OK	2	4.304e-16	4	OK	0	0.000e+00	0	OK
s2_dirichlet	38	5.274e-16	13	OK	21	5.829e-16	11	OK	0	0.000e+00	0	OK
s2_discrete_weibull	6	7.019e-16	4	OK	4	4.679e-16	3	OK	0	0.000e+00	0	OK
s2_dist_sigma_re	1	1.882e-16	3	OK	2	3.765e-16	2	OK	0	0.000e+00	0	OK
s2_fcor	12	1.415e-15	5	OK	4	5.565e-16	4	OK	0	0.000e+00	0	OK
s2_frechet	2	3.759e-16	4	OK	2	3.759e-16	1	OK	0	0.000e+00	0	OK
s2_gev	5	5.624e-16	3	OK	1	1.875e-16	1	OK	0	0.000e+00	0	OK
s2_gp_approx	5	5.567e-16	12	OK	3	5.567e-16	12	OK	0	0.000e+00	0	OK
s2_gp_by_approx	8	8.387e-16	19	OK	1080	9.368e-16	17	OK	0	0.000e+00	0	OK
s2_gr_by	6	7.392e-16	5	OK	4	5.619e-16	5	OK	0	0.000e+00	0	OK
s2_gr_student	3	3.502e-16	4	OK	2	2.792e-16	3	OK	0	0.000e+00	0	OK
s2_hurdle_cumulative	46	1.277e-15	7	OK	38	1.055e-15	6	OK	0	0.000e+00	0	OK
s2_gp_by_gr	169952608734	3.576e-07	56	OK	2	2.625e-16	2	OK	0	0.000e+00	0	OK
s2_hurdle_negbin	1	1.617e-16	1	OK	1	1.617e-16	1	OK	0	0.000e+00	0	OK
s2_index_mi	3	4.700e-16	11	OK	3	4.700e-16	10	OK	0	0.000e+00	0	OK
s2_invgaussian	0	0.000e+00	0	OK	0	0.000e+00	0	OK	0	0.000e+00	0	OK
s2_me2	16	4.441e-16	13	OK	2	3.205e-16	2	OK	0	0.000e+00	0	OK
s2_me2_nomecor	2	2.625e-16	3	OK	2	2.625e-16	3	OK	0	0.000e+00	0	OK
s2_logistic_normal	8	1.730e-15	20	OK	12	1.298e-15	19	OK	0	0.000e+00	0	OK
s2_mi_lognormal	256	7.105e-15	15	OK	256	7.105e-15	10	OK	0	0.000e+00	0	OK
s2_mi_trunc_lb	256	7.105e-15	10	OK	256	7.105e-15	8	OK	0	0.000e+00	0	OK
s2_mixture_theta	12	1.332e-15	7	OK	8	8.882e-16	5	OK	0	0.000e+00	0	OK
s2_mm	4	5.407e-16	4	OK	4	5.407e-16	3	OK	0	0.000e+00	0	OK
s2_mm_weights	4	5.663e-16	4	OK	6	8.495e-16	4	OK	0	0.000e+00	0	OK
s2_mmc	12	1.332e-15	10	OK	2	4.299e-16	4	OK	0	0.000e+00	0	OK
s2_mo_simo_prior	2	2.625e-16	2	OK	2	2.625e-16	2	OK	0	0.000e+00	0	OK
s2_multinomial	6	7.997e-16	5	OK	16	1.851e-15	3	OK	0	0.000e+00	0	OK
s2_nl_noloop	6	7.951e-16	10	OK	4	5.011e-16	8	OK	0	0.000e+00	0	OK
s2_mv_subset	14	7.772e-16	12	OK	32	1.776e-15	11	OK	0	0.000e+00	0	OK
s2_mv_shared_re	4	4.789e-16	6	OK	4	5.015e-16	5	OK	0	0.000e+00	0	OK
s2_rate	1	1.943e-16	1	OK	0	0.000e+00	0	OK	0	0.000e+00	0	OK
s2_nlf	0	0.000e+00	0	OK	0	0.000e+00	0	OK	0	0.000e+00	0	OK
s2_s_cc	32	2.627e-15	17	OK	33	4.378e-15	17	OK	0	0.000e+00	0	OK
s2_sar	2	2.924e-16	2	OK	0	0.000e+00	0	OK	0	0.000e+00	0	OK
s2_sar_error	1	1.897e-16	3	OK	2	3.282e-16	4	OK	0	0.000e+00	0	OK
s2_shifted_lognormal	2	3.653e-16	7	OK	1	2.163e-16	1	OK	0	0.000e+00	0	OK
s2_s_by	32	6.661e-16	65	OK	12	6.661e-16	44	OK	0	0.000e+00	0	OK
s2_threading	5	7.825e-16	9	OK	6	8.196e-16	7	OK	0	0.000e+00	0	OK
s2_weights_trunc	4	5.533e-16	4	OK	4	6.692e-16	4	OK	0	0.000e+00	0	OK
s2_t2_by	256	1.332e-15	87	OK	256	1.332e-15	76	OK	0	0.000e+00	0	OK
s2_unstr	52	7.216e-16	38	OK	5	4.222e-16	22	OK	0	0.000e+00	0	OK
s2_wiener	20	1.110e-15	2	OK	20	1.110e-15	3	OK	0	0.000e+00	0	OK
s2_zi_asymlaplace	6	6.872e-16	2	OK	2	2.291e-16	1	OK	0	0.000e+00	0	OK
seeds_centered_model	0	0.000e+00	0	OK	0	0.000e+00	0	OK	0	0.000e+00	0	OK
s2_zi_beta	3	1.110e-16	2	OK	0	0.000e+00	0	OK	0	0.000e+00	0	OK
s2_zoi_beta	1	1.700e-16	1	OK	0	0.000e+00	0	OK	0	0.000e+00	0	OK
seeds_stanified_model	0	0.000e+00	0	OK	0	0.000e+00	0	OK	0	0.000e+00	0	OK
seeds_model	0	0.000e+00	0	OK	0	0.000e+00	0	OK	0	0.000e+00	0	OK
sesame_one_pred_a	12	1.661e-15	4	OK	12	1.661e-15	4	OK	0	0.000e+00	0	OK
soil_incubation	1	1.670e-16	2	OK	1	1.670e-16	2	OK	0	0.000e+00	0	OK
state_space_stochastic_level_stochastic_seasonal	7	1.057e-15	4	OK	7	1.057e-15	4	OK	0	0.000e+00	0	OK
sum_to_zero	0	0.000e+00	0	OK	0	0.000e+00	0	OK	0	0.000e+00	0	OK
surgical_model	0	0.000e+00	0	OK	0	0.000e+00	0	OK	0	0.000e+00	0	OK
sw_ar	9	2.397e-16	3	OK	34	2.359e-16	2	OK	0	0.000e+00	0	OK
sw_acat	0	0.000e+00	0	OK	0	0.000e+00	0	OK	0	0.000e+00	0	OK
sw_arma	2	4.251e-16	3	OK	1	1.700e-16	1	OK	0	0.000e+00	0	OK
sw_asymlaplace	2	2.249e-16	2	OK	0	0.000e+00	0	OK	0	0.000e+00	0	OK
sw_acat_cs	80	9.959e-15	1	OK	80	9.959e-15	1	OK	0	0.000e+00	0	OK
sw_binomial	8	1.429e-15	2	OK	0	0.000e+00	0	OK	0	0.000e+00	0	OK
sw_bernoulli	8	2.220e-16	4	OK	8	2.220e-16	6	OK	0	0.000e+00	0	OK
sw_beta	2	3.223e-16	4	OK	0	0.000e+00	0	OK	0	0.000e+00	0	OK
sw_categorical	8	1.467e-15	9	OK	8	1.467e-15	8	OK	0	0.000e+00	0	OK
sw_cens	16	1.776e-15	3	OK	0	0.000e+00	0	OK	0	0.000e+00	0	OK
sw_cumulative	244480	2.121e-13	5	OK	244480	2.121e-13	6	OK	0	0.000e+00	0	OK
sw_cratio	0	0.000e+00	0	OK	0	0.000e+00	0	OK	0	0.000e+00	0	OK
sw_dist_sigma	6	6.661e-16	5	OK	6	6.661e-16	4	OK	0	0.000e+00	0	OK
sw_cratio_cs	0	0.000e+00	0	OK	0	0.000e+00	0	OK	0	0.000e+00	0	OK
sw_exgaussian	4	7.368e-16	5	OK	1	2.115e-16	2	OK	0	0.000e+00	0	OK
sw_gamma	8	8.882e-16	5	OK	8	8.882e-16	5	OK	0	0.000e+00	0	OK
sw_gaussian	8	7.462e-16	6	OK	32	4.750e-16	8	OK	0	0.000e+00	0	OK
sw_cumulative_cs	0	0.000e+00	0	OK	0	0.000e+00	0	OK	0	0.000e+00	0	OK
sw_gp	20005422348157	2.427e-07	131	OK	35671899769204	4.045e-08	130	OK	0	0.000e+00	0	OK
sw_hurdle_gamma	1	1.874e-16	1	OK	0	0.000e+00	0	OK	0	0.000e+00	0	OK
sw_hurdle_lognormal	2	3.845e-16	2	OK	0	0.000e+00	0	OK	0	0.000e+00	0	OK
sw_hurdle_pois	293	2.033e-15	2	OK	0	0.000e+00	0	OK	0	0.000e+00	0	OK
sw_lognormal	1	2.211e-16	2	OK	0	0.000e+00	0	OK	0	0.000e+00	0	OK
sw_ma	32	2.397e-16	3	OK	34	2.359e-16	2	OK	0	0.000e+00	0	OK
sw_me	2	2.840e-16	3	OK	2	2.840e-16	3	OK	0	0.000e+00	0	OK
sw_mi	6	7.098e-16	12	OK	6	7.098e-16	11	OK	0	0.000e+00	0	OK
sw_mono	1	1.700e-16	2	OK	1	1.700e-16	2	OK	0	0.000e+00	0	OK
sw_mixture	36	9.992e-16	5	OK	24	7.772e-16	5	OK	0	0.000e+00	0	OK
sw_mv_norescor	8	1.602e-15	13	OK	8	1.602e-15	13	OK	0	0.000e+00	0	OK
sw_negbinomial	768	2.665e-15	8	OK	768	2.665e-15	8	OK	0	0.000e+00	0	OK
sw_nonlinear	1	1.683e-16	2	OK	1	1.683e-16	2	OK	0	0.000e+00	0	OK
sw_mv_rescor	5	6.568e-16	8	OK	1	1.681e-16	3	OK	0	0.000e+00	0	OK
sw_poisson	256	3.073e-15	6	OK	32	3.822e-15	5	OK	0	0.000e+00	0	OK
sw_re_bern	16	8.882e-16	3	OK	16	8.882e-16	2	OK	0	0.000e+00	0	OK
sw_re_gauss	8	8.882e-16	4	OK	4	5.542e-16	4	OK	0	0.000e+00	0	OK
sw_re_negbin	256	8.882e-16	3	OK	256	8.882e-16	3	OK	0	0.000e+00	0	OK
sw_re_pois	768	6.783e-15	3	OK	768	5.329e-15	3	OK	0	0.000e+00	0	OK
sw_se	2	3.154e-16	2	OK	0	0.000e+00	0	OK	0	0.000e+00	0	OK
sw_re_slope	16	8.882e-16	9	OK	3	6.660e-16	4	OK	0	0.000e+00	0	OK
sw_skewnormal	4382002437431492608	8.882e-16	6	OK	4382002437431492608	8.882e-16	4	OK	0	0.000e+00	0	OK
sw_spline_s	61	4.441e-16	22	OK	48	3.339e-16	19	OK	0	0.000e+00	0	OK
sw_spline_t2	24	4.383e-16	38	OK	48	1.110e-15	43	OK	0	0.000e+00	0	OK
sw_student	9	9.992e-16	7	OK	16	1.221e-15	7	OK	0	0.000e+00	0	OK
sw_vonmises	76	2.109e-15	4	OK	1	2.141e-16	1	OK	0	0.000e+00	0	OK
sw_trunc	2	2.522e-16	5	OK	5	6.305e-16	5	OK	0	0.000e+00	0	OK
sw_weibull	2	1.874e-16	4	OK	1	1.568e-16	2	OK	0	0.000e+00	0	OK
sw_sratio	0	0.000e+00	0	OK	0	0.000e+00	0	OK	0	0.000e+00	0	OK
sw_weights	16	8.882e-16	2	OK	0	0.000e+00	0	OK	0	0.000e+00	0	OK
sw_zi_binomial	3	5.357e-16	3	OK	19	3.393e-15	3	OK	0	0.000e+00	0	OK
sw_zi_negbin	4	2.220e-16	3	OK	0	0.000e+00	0	OK	0	0.000e+00	0	OK
sw_zi_poisson	29	5.875e-15	3	OK	28	5.673e-15	3	OK	0	0.000e+00	0	OK
tern_op_contains_var	0	0.000e+00	0	OK	0	0.000e+00	0	OK	0	0.000e+00	0	OK
validate_set_double_offset_multiplier_good	0	0.000e+00	0	OK	0	0.000e+00	0	OK	0	0.000e+00	0	OK
wells_daae_c_model	22	3.493e-15	16	OK	22	3.493e-15	14	OK	0	0.000e+00	0	OK
wells_dae_c_model	50	1.026e-14	14	OK	46	9.442e-15	14	OK	0	0.000e+00	0	OK
wells_dae_inter_model	224	6.217e-15	21	OK	352	9.770e-15	21	OK	0	0.000e+00	0	OK
wells_dae_model	172	1.969e-14	13	OK	182	2.083e-14	13	OK	0	0.000e+00	0	OK
vector-size-stmts	0	0.000e+00	0	OK	0	0.000e+00	0	OK	0	0.000e+00	0	OK
wells_dist	0	0.000e+00	0	OK	0	0.000e+00	0	OK	0	0.000e+00	0	OK
wells_dist100_model	42	9.207e-15	7	OK	42	9.207e-15	7	OK	0	0.000e+00	0	OK
wells_dist100ars_model	10	1.505e-15	10	OK	11	1.505e-15	10	OK	0	0.000e+00	0	OK
wells_interaction_c_model	22	3.493e-15	14	OK	22	3.493e-15	14	OK	0	0.000e+00	0	OK
wells_interaction_model	14	1.941e-15	13	OK	14	1.941e-15	13	OK	0	0.000e+00	0	OK
nn_rbm1bJ100	21750	3.221e-13	54579	OK	60918	2.578e-13	53966	OK	0	0.000e+00	0	OK
