model	params	stanli_compile_s	stanli_prep_s	cmdstan_stanc_s	cmdstan_build_s	stanli_ns_grad	cmdstan_ns_grad	stanli_ns_grad_mad	cmdstan_ns_grad_mad	paired_speedup	paired_speedup_mad	paired_rounds	gradient_budget	stanli_estimated_s	cmdstan_estimated_s	run_id	note
2pl_latent_reg_irt	531	0.010964124999999991	0.006312562	0.013921083000000056	5.454298124999999	65138.96260916557	138905.34999410005	1117.3266002152232	3880.497407616902	2.1276632393677044	0.05119211037171256	6	20000	1.3200559391833113	8.246326207882	61f40f0d8b5ef7af	""
GLMM1_model	237	0.006845167000001595	0.004909521	0.0115052079999991	3.2248893750000036	10104.388928834931	32709.657161458334	190.68263110267162	174.05316525112357	3.3029707340791	0.1267873926508314	6	20000	0.21384246657670022	3.8905877262291693	61f40f0d8b5ef7af	""
GLMM_Poisson_model	45	0.007789458000004856	0.0005688959999999999	0.012596666000000312	3.8156981250000044	572.6156218706071	1678.2101795702117	9.31022953146396	40.821765335964415	2.9034967936672644	0.09450986070361411	6	20000	0.019810666437416996	3.861858994591409	61f40f0d8b5ef7af	""
GLM_Binomial_model	3	0.006748625000000175	0.0005208335	0.011508915999996816	3.2531455000000022	817.693955078125	1373.3386484756356	23.495555011582383	49.577284931062195	1.6691618565813808	0.02956575126798977	6	20000	0.023623337601562676	3.292121188969512	61f40f0d8b5ef7af	""
GLM_Poisson_model	4	0.007184832999996615	0.000445021	0.012618166999999403	3.2817412079999997	351.79708778429733	1053.8483170863174	8.725653090212177	12.392849995442816	2.9870691224435597	0.10137421242915634	6	20000	0.014665795755682562	3.3154363413417256	61f40f0d8b5ef7af	""
M0_model	2	0.006830250000007254	0.002633875	0.011396250000004216	2.6984034580000014	240.61936734417293	15904.447726117887	10.013889838127156	257.03478754331536	66.34052911679885	0.6753011395855495	6	20000	0.014276512346890714	3.027888662522363	61f40f0d8b5ef7af	""
Mb_model	3	0.008114667000000964	0.0295501875	0.011931042000000502	3.274008167000005	32439.661532524595	51513.977436642424	986.6030190677957	1523.3074172484557	1.574818243476237	0.028923947100649938	6	20000	0.686458085150493	4.316218757732854	61f40f0d8b5ef7af	""
Mh_model	388	0.008132833999994205	0.008320708	0.012766582999987008	3.287741957999998	15923.609815857439	38212.45578047663	403.66967543071223	609.3057770826417	2.366765826909545	0.033171630639132754	6	20000	0.33492573831714295	4.064757656609517	61f40f0d8b5ef7af	""
Mt_model	4	0.007328583999992588	0.0031506249999999998	0.011480417000001353	3.424652957999996	385.54791758795204	19950.355215010684	1.557853903420039	723.9444747998732	51.284906484267225	0.9702089055808436	6	20000	0.018190167351751628	3.835140479300211	61f40f0d8b5ef7af	""
Mtbh_model	154	0.009332833000001983	0.016924666999999997	0.012231874999997672	4.955855541999995	14128.018521372043	43510.72063750618	462.23099320023084	1410.0266038669251	3.080228292690022	0.062040746973922145	6	20000	0.30881787042744285	5.838301829750116	61f40f0d8b5ef7af	""
Mth_model	394	0.008638584000010496	0.009216229	0.012248624999983804	4.306626459	25697.656597535923	95969.54997082957	665.7491805681057	3296.0863797169804	3.727164307498936	0.14299246443901303	6	20000	0.5318079449507289	6.238266083416575	61f40f0d8b5ef7af	""
Rate_1_model	1	0.005760124999994787	0.000255375	0.010255166999996845	2.387302124999991	71.17954859029882	100.51684253274021	2.496065076774066	2.82822035119176	1.4186784270280408	0.04480415172184149	6	20000	0.007439090971800764	2.3995676288506425	61f40f0d8b5ef7af	""
Rate_2_model	2	0.005989291999981106	0.0003611665	0.01096966599999405	2.550865958000003	131.80650513747642	173.16967886298653	2.4470264224726037	2.9779660747425822	1.2997296373715097	0.015306500129689149	6	20000	0.008986588602730635	2.5652990175772565	61f40f0d8b5ef7af	""
Rate_3_model	1	0.00576362499998595	0.00026004200000000004	0.010915750000009439	2.383351833000006	92.3076231022745	118.44337793769031	2.411182055656269	2.4263263762216383	1.3067577803892083	0.024536434298641496	6	20000	0.007869819462031441	2.3966364505587694	61f40f0d8b5ef7af	""
Rate_4_model	2	0.006171166999990874	0.000286062	0.011915916999981846	2.5072080410000126	106.84922316135504	156.25381622493197	2.0800609779109394	3.0021121325102484	1.4582703930098178	0.029288768577657276	6	20000	0.008594213463217974	2.522249034324493	61f40f0d8b5ef7af	""
Rate_5_model	1	0.006208291000007193	0.000318812	0.011929833000010603	2.485021542000027	88.99922322118005	115.89782112654497	2.7297658530897593	1.8908595929326495	1.281795411528982	0.02700461030052992	6	20000	0.008307087464430794	2.4992693314225685	61f40f0d8b5ef7af	""
Survey_model	1	0.0068627919999926235	0.0079677915	0.012209041999994952	2.9479798330000335	56918.52974254205	63070.04473286291	262.1481978274096	845.0220186601982	1.1193542918789832	0.040131548290415986	6	20000	1.1532011783508338	4.221589769657287	61f40f0d8b5ef7af	""
aalto_bern	1	0.00598650000000589	0.0003370625	0.011073832999954902	2.5504822080000054	75.11688079962317	112.52556587668026	1.4643958020243986	0.6646234566349847	1.4708229361078469	0.03199391547830077	6	20000	0.007825900115998354	2.563806552317494	61f40f0d8b5ef7af	""
aalto_binom	1	0.0054182079999804955	0.00028768749999999997	0.009363666000012927	2.392648500000007	71.84739962854998	100.99179612103632	2.585913604897762	1.4274808811127997	1.4191706456878466	0.021381138804189903	6	20000	0.007142843492551495	2.404032001922441	61f40f0d8b5ef7af	""
aalto_binom2	2	0.005877084000019295	0.0003033125	0.011033082999972521	2.4744328339999697	120.65734286571112	165.90936621409327	2.9041484046607593	4.264163825828433	1.3293519549161812	0.017358655157696523	6	20000	0.008593543357333517	2.4887841043242243	61f40f0d8b5ef7af	""
aalto_binomb	1	0.006316125000012107	0.000263917	0.012440167000022484	2.404606790999992	60.47522509098053	83.91219999490664	1.25906397158219	2.562533484564888	1.3760190036799462	0.056290259383812935	6	20000	0.007789546501831717	2.4187252019999126	61f40f0d8b5ef7af	""
aalto_gpareto	2	0.010959666000019297	0.0015529375	0.01291166699996893	2.8958048329999997	290.2166962103821	247.13823553417177	5.664019760990698	8.830345716874803	0.8610522187260277	0.027154926351584174	6	20000	0.01831693742422694	2.913659264710652	61f40f0d8b5ef7af	""
aalto_grp_aov	4	0.006483749999972588	0.0003247915	0.011940917000003992	3.080827958000043	90.31120471841484	311.4651466432068	1.4583304148728686	4.953010397884782	3.4326392242305594	0.10893417849170794	6	20000	0.008614765594340885	3.098998177932911	61f40f0d8b5ef7af	""
aalto_grp_prior_mean	6	0.0069987499999797365	0.0004079375	0.011946667000017896	3.1366806670000074	150.38719944349378	428.34669190169495	3.764822025491739	9.65259174383965	2.8780553059920297	0.017736548595668866	6	20000	0.010414431488849612	3.1571942678380593	61f40f0d8b5ef7af	""
aalto_grp_prior_mean_var	10	0.007625208000035855	0.0004936665	0.012980000000027303	3.9079304169999887	272.5041613167391	717.245628313889	8.398822513277224	15.458172636035954	2.675459599377491	0.024507569795407358	6	20000	0.013568957726370637	3.9352553295662935	61f40f0d8b5ef7af	""
aalto_lin	3	0.007561249999980646	0.000507271	0.01257587500003865	3.081025874999966	101.97536392079618	291.6681198846726	3.3577758982008206	5.591698719552227	2.846704840941106	0.05031553740268313	6	20000	0.01010802827839657	3.0994351123976984	61f40f0d8b5ef7af	""
aalto_lin_std	3	0.007097125000029791	0.000549604	0.011394250000023476	3.3068774999999846	100.59704486004718	291.45330984933037	3.1057176836190337	8.274333493624084	2.794337093476259	0.09827603099706139	6	20000	0.009658669897230736	3.3241008161969945	61f40f0d8b5ef7af	""
aalto_lin_std_t	4	0.007647374999976364	0.0005896040000000001	0.012281625000014174	3.501177458999962	173.57761555532392	385.41297132983254	4.3846172992971475	14.319960471069521	2.188521451052776	0.04476122842895425	6	20000	0.011708531311082843	3.5211673434265727	61f40f0d8b5ef7af	""
aalto_poisson_hurdle	2	0.006848707999949966	0.018603792	0.011402167000028385	2.932556292000015	207.8911898908944	60168.13352080887	6.66928949450849	1224.9272394488798	284.9235596453648	2.0631764502245176	6	20000	0.029610323797767853	4.1473211294162216	61f40f0d8b5ef7af	""
aalto_poisson_simple	1	0.0056317910000416305	0.0019984375	0.011184500000013031	2.6503569589999643	41.18009816398232	922.6765445208657	1.126371310122817	28.343215729255405	22.48580618758986	0.64467933515445	6	20000	0.008453830463321278	2.6799949898903948	61f40f0d8b5ef7af	""
accel_gp	66	0.015483540999980505	0.004600396	0.013962499999990996	5.406779749999998	4601.995102091592	9236.08706146816	76.5400084988596	197.32637947986495	2.0212943088166284	0.04498756557573569	6	20000	0.11212383904181236	5.605463991229352	61f40f0d8b5ef7af	""
accel_splines	82	0.010960916999977144	0.003925354000000001	0.013855666999972982	4.408856042000025	4739.65594590291	9540.968769054878	139.90450954985772	408.8963883004435	2.018987430357951	0.08704342864639825	6	20000	0.10967938991803536	4.613531084381095	61f40f0d8b5ef7af	""
arK	7	0.006560457999967184	0.002858917	0.012053667000031965	2.8956075000000965	121.33601420156418	12088.040798280297	2.47295730869363	314.6270315460697	99.26000495773343	0.704547803538567	6	20000	0.011846095283998466	3.1494219829657344	61f40f0d8b5ef7af	""
arma11	4	0.006951666000077239	0.0020504375	0.012553417000049194	2.971334250000041	4720.382300487583	5538.8308588014315	121.15182424094064	102.68881630148462	1.187532516095788	0.02556982772797345	6	20000	0.10340974950982891	3.0946642841761185	61f40f0d8b5ef7af	""
blr	6	0.0069067499999846405	0.0004926045	0.011680500000011307	3.115930750000075	83.18130648208323	984.2714390908518	1.8757028980802701	26.835514560822503	12.10810793645786	0.28118917497960894	6	20000	0.009062980629626306	3.1472966787819034	61f40f0d8b5ef7af	""
bones_model	13	0.007586458999981005	0.0116001045	0.012644416999933128	3.4992337080000198	48509.505849789115	52689.19927933674	654.8143674283601	896.0950030617787	1.1002702017773989	0.019960449196253283	6	20000	0.9893766804957633	4.565662110586688	61f40f0d8b5ef7af	""
bym2_offset_only	3845	0.008857375000047796	0.002807271	0.012984749999986889	4.189205375000029	38024.1737264918	108850.09719576017	648.702931250853	4696.550561594202	2.8024855980952426	0.03566218700261614	6	20000	0.7721481205298837	6.379192068915219	61f40f0d8b5ef7af	""
ch09_m5_8s	4	0.0071952089999740565	0.0007261044999999999	0.012183082999968065	2.851596083000004	107.52593483009515	2181.512509145585	3.2156132214814193	23.377746344279785	20.20086240164281	0.36353783689940755	6	20000	0.01007183219657596	2.9074094161828836	61f40f0d8b5ef7af	""
ch09_m5_8s2	4	0.006555333000051178	0.0006799165	0.011095791000002464	2.8369844580000745	120.05633846688808	2227.245543323864	2.9966092419085015	40.6332398084719	18.45640440953181	0.36918839188219543	6	20000	0.00963637626938894	2.8926251598665544	61f40f0d8b5ef7af	""
ch09_m9_1	5	0.007023416000038196	0.000840021	0.012086500000009437	3.075163957999962	102.41077231370807	2448.4067173318895	1.8586444012063055	56.31285983132966	23.47171348385169	0.7105984555860729	6	20000	0.009911652446312357	3.136218592346609	61f40f0d8b5ef7af	""
ch09_m9_1_chains4	5	0.0065351250000276195	0.0008461040000000001	0.011092292000057569	3.0784472919999644	103.6316751179584	2386.3036920159943	2.8231554218367023	88.29636283400805	23.2717477358403	0.38682302384150447	6	20000	0.009453862502386789	3.137265657840342	61f40f0d8b5ef7af	""
ch09_m9_2	2	0.006094584000038594	0.00030695799999999997	0.011610249999989719	2.5339165840000533	68.99218555495764	142.43977926976007	2.7225819045868036	2.2653492975195633	2.085362532616371	0.09105855856277123	6	20000	0.007781385711137747	2.548375629585438	61f40f0d8b5ef7af	""
ch09_m9_3	2	0.005792208000002574	0.0002876665	0.01099724999994578	2.5298271670000076	67.5617624266255	145.60758280600493	1.2469790989688434	5.436415543833547	2.1109671866939905	0.07847940161180111	6	20000	0.007431109748535085	2.5437365686560733	61f40f0d8b5ef7af	""
ch09_m9_4	3	0.005977625000014086	0.00037189600000000003	0.01106370800005152	2.5586878750000324	76.18875334630559	303.79474463251427	1.2581308873076864	12.1142181351847	3.936672544743783	0.10690293620759017	6	20000	0.007873296066940198	2.575827477892734	61f40f0d8b5ef7af	""
ch09_m9_5	3	0.006428083000059814	0.00034018799999999995	0.012096708000058243	2.5604342080000606	74.33283959430383	305.47571775667313	3.190853738361767	5.573159408851296	4.129008644619428	0.17405537535165938	6	20000	0.008254927791945891	2.5786404303552524	61f40f0d8b5ef7af	""
ch09_mp	2	0.005716083000038452	0.0002477705	0.011540624999952342	2.289796334000016	38.416127590017055	73.79252960742849	0.6072662225286507	1.8729854053671673	1.8950075444448389	0.0443971668604668	6	20000	0.006732176051838793	2.3028128095921168	61f40f0d8b5ef7af	""
ch11_m11_10	4	0.007082500000024083	0.0006681874999999999	0.012328874999980144	3.226187999999979	266.9169222833908	479.483247756958	3.921688514030677	5.369322000338343	1.7954311317816432	0.03804346172776507	6	20000	0.0130890259456919	3.2481065399550983	61f40f0d8b5ef7af	""
ch11_m11_11	5	0.00713758400002007	0.0005622295	0.011600708000059967	3.544465583000033	353.8220679011137	633.6606267162206	6.91359652863963	3.8670029656584006	1.7972718492682696	0.016428625830486654	6	20000	0.014776254858042345	3.568739503534417	61f40f0d8b5ef7af	""
ch11_m11_4	11	0.006893915999967248	0.007161062	0.012309208000033323	2.9999769999999444	586.0352824087919	11326.61122651734	2.8740886117885225	258.4014957553218	20.049737494133105	0.39070232793216064	6	20000	0.025775683648143085	3.2388184325303246	61f40f0d8b5ef7af	""
ch11_m11_5	11	0.006865708000077575	0.008474729	0.011685082999974838	3.0829432079999606	623.7679998862802	14576.767707469597	18.50586076172891	210.59919420538154	23.58105204859551	0.508108421505618	6	20000	0.027815796997803177	3.3861636451493276	61f40f0d8b5ef7af	""
ch11_m11_6	11	0.006515958000022692	0.0010101665	0.011479375000021719	3.0167471250000517	632.5030253106576	876.9558375905658	4.551400475095932	22.883028427918475	1.376636276930216	0.04438364042294618	6	20000	0.020176185006235844	3.045765616751885	61f40f0d8b5ef7af	""
ch11_m11_7	2	0.00601249999999709	0.000357729	0.011321834000000308	2.8371759999999995	229.16817932672893	353.53893369899356	5.408406530806431	6.8871045980893655	1.5501008343723455	0.011937941933003016	6	20000	0.010953592586531669	2.8555686126739794	61f40f0d8b5ef7af	""
ch11_m11_8	8	0.006710708000014165	0.0004798125	0.011410040999976445	2.9313443339999594	339.38002454969615	515.2720963236957	5.181019534359677	8.639946395281726	1.4978754498632239	0.011170236679866163	6	20000	0.013978120991008088	2.9530598169264097	61f40f0d8b5ef7af	""
ch11_m11_9	1	0.0065115419999983715	0.000347896	0.011906083999974726	2.5997422919999735	54.621960378160665	75.01708783663236	1.8546443521371963	1.5498100745544363	1.3742461585549832	0.016000457341775576	6	20000	0.007951877207561586	2.613148717756681	61f40f0d8b5ef7af	""
ch11_m_pois	2	0.005788666999933412	0.0002839375	0.011059624999916196	2.505550916999937	70.02570017742734	127.98990488858763	3.035080223218351	2.329626380395247	1.833740663475854	0.05197567485542898	6	20000	0.007473118503481958	2.5191703400976246	61f40f0d8b5ef7af	""
ch12_m12_1	3	0.00642245799997454	0.000456688	0.011172500000043328	3.2180751249999275	1090.6043390496775	1397.1151191775339	28.25899011139336	32.309285641128895	1.2953289720679824	0.04831881541384064	6	20000	0.028691232780968093	3.2571899273835214	61f40f0d8b5ef7af	""
ch12_m12_2	6	0.007330791999947905	0.0005914375	0.012154875000078391	3.983212750000007	840.0629360856681	1138.5264449948331	16.400550739906237	32.37538114961217	1.3593116848096214	0.030463299197671767	6	20000	0.024723488221661264	4.018138153899982	61f40f0d8b5ef7af	""
ch12_m12_3	2	0.006124084000020957	0.002333042	0.010963875000015832	2.56364341699998	227.4245654796223	18616.071320666895	1.653853582979636	249.86342747440722	84.68947926225758	2.6563899190790323	6	20000	0.013005617309613403	2.946928718413334	61f40f0d8b5ef7af	""
ch12_m12_3_alt	2	0.00599362499997369	0.003696167	0.010953707999988183	2.4885246669999788	216.2365900401017	17673.700312843997	6.139896229235319	266.81452373857064	81.44708960268677	1.5866422620300895	6	20000	0.014014523800775724	2.8529523812568467	61f40f0d8b5ef7af	""
ch12_m12_4	6	0.005943791999925452	0.012185563	0.01178391600001305	3.196681832999957	666.1440842606501	2206412.758137745	10.814879158096744	72024.68199639302	3363.0984932201263	31.988660842585887	6	20000	0.031452236685138454	47.33672091175487	61f40f0d8b5ef7af	""
ch12_m12_5	11	0.006772666000074423	0.0893478125	0.011507541000014498	3.5551676249999673	83889.83601926395	2579496.5250894176	1901.3989656111444	7458.683252682909	31.148365162300564	0.6298854710642168	6	20000	1.7739171988853535	55.156605667788334	61f40f0d8b5ef7af	""
ch12_m12_6	16	0.008029708999970353	0.133734917	0.012738666000018384	4.216459875000055	1262584.9703060759	2733997.5054347822	7371.404149136157	28964.33671497577	2.2030433648598784	0.02879469687198588	6	20000	25.39346403212149	58.90914864969572	61f40f0d8b5ef7af	""
ch12_m12_7	10	0.007679292000034366	0.067593354	0.012612750000016604	3.495822374999989	85330.05275393683	2500603.11243503	2013.5080002531104	67637.40791559336	29.443572781181526	0.24137488990392164	6	20000	1.781873701078771	53.52049737370061	61f40f0d8b5ef7af	""
ch13_m13_1	48	0.0061918750000131695	0.001089896	0.011174416999892856	2.9586341660000244	872.9383101614549	1202.135854188456	20.538569349451848	5.028276592156203	1.3871083533650312	0.029961351402276626	6	20000	0.024740537203242267	2.993851300083686	61f40f0d8b5ef7af	""
ch13_m13_2	50	0.0063514590001432225	0.001045979	0.01130758300018897	3.1306697909999457	934.7333894742953	1292.9645108581653	29.719968879703288	24.475819744506566	1.364190724874565	0.011628275455098591	6	20000	0.026092105789629127	3.167836664217298	61f40f0d8b5ef7af	""
ch13_m13_3	62	0.006281542000124318	0.000765125	0.011299250000092798	3.009173832999977	1104.4181255653154	1618.9831235865543	23.029634380847142	13.459839665032632	1.464704724515226	0.0077150651008254245	6	20000	0.029135029511430627	3.052852745471801	61f40f0d8b5ef7af	""
ch13_m13_4	20	0.007303332999981649	0.0108251455	0.011646000000155254	3.418372667000085	3008.63333797943	14229.762128185226	60.435385883718254	255.49240835081582	4.795953232184736	0.17110925954368383	6	20000	0.07830114525957024	3.714613909563945	61f40f0d8b5ef7af	""
ch13_m13_4b	20	0.007456499999989319	0.0079869375	0.012827666000021054	3.314786207999987	3121.4334145253224	14660.058028198653	105.65512130204593	337.83228729207804	4.684604459150222	0.05191799116399576	6	20000	0.07787210579049576	3.620815034563981	61f40f0d8b5ef7af	""
ch13_m13_4nc	20	0.007811708999952316	0.0086769375	0.012814082999966558	3.317820999999867	3278.5013042680366	22948.124131944445	53.87117976302352	483.25962121989687	7.137428960866256	0.07027444986422227	6	20000	0.08205867258531305	3.7895975656387226	61f40f0d8b5ef7af	""
ch13_m13_5	13	0.007837249999965934	0.007745895500000001	0.012887083000123312	3.241724708999982	639.6403760593807	11650.249162946428	13.771963858925346	242.38553972577392	18.263991640924857	0.15649495111606093	6	20000	0.02837595302115355	3.487616775259034	61f40f0d8b5ef7af	""
ch13_m13_6	21	0.007389290999981313	0.0121371875	0.011609583000108614	3.3607116670000323	3134.990274224047	14439.197681568286	56.259326977702585	279.3259524490568	4.668474133208084	0.12417861471097957	6	20000	0.08222628398446225	3.661105203631507	61f40f0d8b5ef7af	""
ch13_m13_7	2	0.00596037500008606	0.000233125	0.011957500000107757	2.313976082999943	46.378254400989995	85.51525852808197	2.0251706238054403	2.271652570550053	1.8462304301158503	0.06969699687936581	6	20000	0.00712106508810586	2.3276438881706127	61f40f0d8b5ef7af	""
ch13_m13_7nc	2	0.005897082999808845	0.000257625	0.01185983400000623	2.350744749999876	37.918421892244154	67.73984403022993	0.6803460295917851	2.1107792164231896	1.772808047713192	0.044912547461747554	6	20000	0.006913076437653728	2.363959380880487	61f40f0d8b5ef7af	""
ch14_m14_1	46	0.008105708000130107	0.0013242705	0.0127236250000351	6.887431125000148	5194.737120709413	6795.619846668463	82.59632018485854	281.986117948431	1.3090871804564672	0.06953413923615503	6	20000	0.11332472091431837	7.0360671469335525	61f40f0d8b5ef7af	""
ch14_m14_10	4	0.007336334000001443	0.0065690625	0.011550292000038098	4.060941875000026	370259.10539369256	459871.75821977074	5389.960363383376	8182.61771306509	1.2345304585027295	0.023166216147669894	6	20000	7.419087504373852	13.269927331395479	61f40f0d8b5ef7af	""
ch14_m14_11	5	0.00922016699996675	0.122133292	0.01288866599998073	4.059004250000044	610234.6133667235	675505.9257224258	8769.708717436995	18153.964847704687	1.111169736650783	0.03834699687726961	6	20000	12.336045726334437	17.58201143044854	61f40f0d8b5ef7af	""
ch14_m14_2	76	0.008897332999822538	0.008414729	0.012411791999966226	7.060694917000092	12285.34789946934	22527.72750619323	258.35738515230423	757.0821756827718	1.80759034244914	0.05765427109697474	6	20000	0.26301901998920935	7.523661259123923	61f40f0d8b5ef7af	""
ch14_m14_3	76	0.00986541599991142	0.0133710205	0.013623583000025974	5.863806166999893	5000.483377281201	21279.734093929997	122.24684944985574	346.1508748362212	4.247614580570987	0.1390625012097133	6	20000	0.12324610404553543	6.303024431878519	61f40f0d8b5ef7af	""
ch14_m14_4	3	0.006973166999841851	0.001257271	0.012348917000053916	2.7927506250000533	82.29815420742617	5956.213975309497	2.005530229022753	180.33856188172194	73.11497718436513	3.5632186637986862	6	20000	0.009876401083990375	2.9242238215062972	61f40f0d8b5ef7af	""
ch14_m14_4x	3	0.006404874999816457	0.0013905835	0.011221083999998882	2.7808194589999857	79.73284180959065	6120.858514712203	1.7526336590416278	125.34455236032682	76.02213577603223	1.6925470951602861	6	20000	0.00939011533600827	2.9144577132942286	61f40f0d8b5ef7af	""
ch14_m14_5	4	0.007029958000202896	0.0019489375000000001	0.0121057500000461	2.844834125000034	106.96008198981357	10363.788483796296	3.909860296432427	160.8410730567075	96.80525289385028	4.091135734021584	6	20000	0.011118097139999169	3.064215644676006	61f40f0d8b5ef7af	""
ch14_m14_6	7	0.007513333000133571	0.004787000499999999	0.011880125000061525	6.621652208000114	84079.03395344576	109380.57864097708	2242.409684828737	3142.6926020408137	1.2953046992451873	0.047371445903759746	6	20000	1.6938810125690487	8.821143905819717	61f40f0d8b5ef7af	""
ch14_m14_6x	7	0.0075314169998819125	0.004458500000000001	0.013325625000106811	6.606825333000188	85569.34328951278	108515.36015048625	2685.1505377735084	3203.6728602177827	1.2918697657018832	0.02029165148926637	6	20000	1.7233767827901374	8.79045816101002	61f40f0d8b5ef7af	""
ch14_m14_7	656	0.008527375000085158	0.007104396000000001	0.012761083999976108	8.815049374999944	22288.926850465126	33026.447315705125	482.87152275780136	723.4216855396608	1.514925538062934	0.07166889598718129	6	20000	0.46141030800938765	9.488339405314022	61f40f0d8b5ef7af	""
ch14_m14_8	15	0.008599834000051487	0.0011002285	0.011815458000000945	4.461982750000061	2689.7064950841636	3394.227714029948	64.00761624979395	64.66159014634673	1.2678107408686468	0.022112130276552455	6	20000	0.06349419240173476	4.541682762280661	61f40f0d8b5ef7af	""
ch14_m14_8nc	15	0.008817334000013943	0.001490042	0.012543041000071753	5.686922000000095	2566.040764367373	3681.3720042293235	71.97131180158544	133.54764953449148	1.4402577294572998	0.03306175280038659	6	20000	0.0616281912873614	5.7730924810847535	61f40f0d8b5ef7af	""
ch14_m14_9	4	0.00750445799985755	0.0015248545000000001	0.0124607919999562	4.051715957999932	354628.2599873202	423853.5276889701	5682.989157813165	13504.489451525995	1.2030374710133405	0.03334190708076035	6	20000	7.101594512246263	12.54124730377929	61f40f0d8b5ef7af	""
ch15_m15_1	54	0.007581416999983048	0.0005454164999999999	0.012412916999892332	3.178872083999977	364.20225386537925	1643.667993691934	8.853508700989096	32.86216880772736	4.549329262094394	0.09835845983516744	6	20000	0.015410878577290633	3.224158360873708	61f40f0d8b5ef7af	""
ch15_m15_2	104	0.008067624999966938	0.0006779374999999999	0.012634959000024537	3.412090917000114	555.4826279031745	2238.8880653534143	16.1541874261805	68.3916883101565	4.108548669183305	0.057733984491131096	6	20000	0.01985521505803043	3.469503637307207	61f40f0d8b5ef7af	""
ch15_m15_3	2	0.0060601669999869046	0.0061496045	0.011069916999986162	2.6382250420001583	22386.78167053175	28063.992124871533	631.8789644779372	802.7616083131306	1.2567713926457964	0.025549228804617963	6	20000	0.4599454049106219	3.2105748014975752	61f40f0d8b5ef7af	""
ch15_m15_4	2	0.005969250000134707	0.0051400205	0.010946625000087806	2.6451806250001937	18351.813123532862	23769.31027462121	504.6389679313452	344.9721331697492	1.26998632692539	0.05593531860646472	6	20000	0.37814553297079195	3.1315134554927058	61f40f0d8b5ef7af	""
ch15_m15_5	18	0.008137833999853683	0.0006585829999999999	0.01244733300018197	3.2233679170001324	368.8062026958157	1246.6397858598648	8.93108616775487	25.482716421057034	3.4321070926385877	0.04696309779685515	6	20000	0.016172541053769997	3.2607480457175115	61f40f0d8b5ef7af	""
ch15_m15_6	6	0.007298875000060434	0.0005284585	0.01235079200000655	2.9819510419999915	155.41573766088317	691.2178374869064	3.0311235662339584	27.687295235899	4.290158883007938	0.10176992651967653	6	20000	0.010935648253278097	3.0081261907497363	61f40f0d8b5ef7af	""
ch15_m15_7	21	0.009355500000083339	0.0010157500000000002	0.01367833399990559	7.144527417000063	8455.71630347313	12666.794950513196	213.54066294397398	151.4248664952529	1.4517234301928514	0.05199524777700826	6	20000	0.17948557606954593	7.411541650010233	61f40f0d8b5ef7af	""
ch15_m15_8	3	0.006588334000070972	0.0020259585	0.011345375000018976	2.8624462079999375	1057.8911830357142	6790.137178513835	6.968345090547928	244.69276134672646	6.418529407059861	0.1930228494349402	6	20000	0.029772116160785258	3.0095943265702334	61f40f0d8b5ef7af	""
ch15_m15_9	3	0.007404291000057128	0.0025713545	0.012878624999984822	3.009424165999917	1058.781268889873	6816.7554579511325	18.170983004490267	184.60160797152912	6.4645279120001975	0.12294773118421665	6	20000	0.03115127087785459	3.1586379001589244	61f40f0d8b5ef7af	""
ch16_m16_1	3	0.0075553750000381115	0.0134444375	0.012471957999878214	2.989068540999824	2656.2703522858797	26800.169613007874	166.75826724490958	250.9623635912685	10.232576182050742	0.6409626398911348	6	20000	0.0741252195457557	3.53754389125986	61f40f0d8b5ef7af	""
ch16_m16_4	3	0.00723095800003648	0.0004355	0.012282249999998385	2.8866311249998944	1563.2599390995967	5317.740198952795	68.19414674472364	89.10576673615833	3.415095098190873	0.0787553053076111	6	20000	0.038931656782028416	3.0052681789789486	61f40f0d8b5ef7af	""
cm_betadiscrete	4	0.011083874999940235	0.0145620835	0.012979667000081463	4.190845959000171	1956914.71484375	1939015.037920673	50440.40006203472	54648.650260601775	0.9909034886807304	0.014268345082264655	6	20000	39.163940255374946	42.98412638441371	61f40f0d8b5ef7af	""
cm_betagate	5	0.012594958000136103	0.001289354	0.013546708999911061	3.950658833000034	35570.69715909091	54782.50235148966	245.44147036591312	2075.960189499863	1.5355867236834448	0.04534818791336337	6	20000	0.7252982551819542	5.0598555890297385	61f40f0d8b5ef7af	""
cm_bisa	5	0.012336499999946682	0.001323958	0.013506125000048996	4.009370209000053	12430.571375593354	19573.757743120703	237.4334711224301	1073.8683476411097	1.5733795798686345	0.08591918827802902	6	20000	0.26227188551181374	4.414351488862517	61f40f0d8b5ef7af	""
cm_choco	9	0.02346966700019948	0.0026584375	0.01565795800001979	4.484691124999927	45000.89030911404	75671.265690639	1026.3058609551008	1098.814397376671	1.6696983371334095	0.053465282330691366	6	20000	0.9261459106824803	6.013774396812726	61f40f0d8b5ef7af	""
cm_ddm	9	0.03790687500008971	0.003910541	0.015836208000109764	6.758934209000017	18915455.266483516	18772424.07142857	757684.1565934066	269047.6071428582	1.000248941193583	0.03179436640454797	6	20000	378.35092274567035	382.22325184557155	61f40f0d8b5ef7af	""
cm_exgaussian	4	0.012871249999989232	0.0013817295000000001	0.013715332999936436	3.666592749999836	13858.090268410273	36768.685594747396	330.6392851751207	1220.9461747798377	2.648964258555864	0.056973927447789174	6	20000	0.2914147848681947	4.41568179489472	61f40f0d8b5ef7af	""
cm_exwald	6	0.06453829100018993	0.0028192290000000004	0.01863370799992481	4.224241707999909	21261.730957161053	29014.038368055557	324.18007566881715	683.9197449252115	1.3578707834307724	0.024222614103668216	6	20000	0.49259213914341105	4.823156183360944	61f40f0d8b5ef7af	""
cm_gamma	5	0.011621708999882685	0.0012733745	0.014496041000029436	4.020490207999956	12913.334369860197	19550.376242023063	124.52015249357464	696.8232242959475	1.5371374186791211	0.06626715011097961	6	20000	0.2711617708970866	4.425993773840446	61f40f0d8b5ef7af	""
cm_geg	5	0.017738125000050786	0.001728875	0.015421500000002197	3.853549332999819	23182.285919008875	63910.35213414634	455.79661938333084	997.8577358537732	2.7722776036472236	0.06651732715868586	6	20000	0.4831127183802283	5.147177875682748	61f40f0d8b5ef7af	""
cm_invgamma	5	0.012736208999967857	0.001398917	0.014493749999928696	4.02453837500002	12878.597992549669	20668.948009812528	430.2298062835798	609.0439038552413	1.611726923005906	0.03376894837367561	6	20000	0.2717070858509612	4.452411085196199	61f40f0d8b5ef7af	""
cm_invgaussian	7	0.07872191700016629	0.0679235835	0.020221042000002853	4.652984708000076	1006510.3199884794	48583.333319353915	28833.11553064629	769.4344330599924	0.049971128293394285	0.001233018894797138	6	20000	20.276851900269754	5.644872416387157	61f40f0d8b5ef7af	""
cm_invweibull	5	0.012830165999957899	0.001417271	0.014491790999954901	4.016475750000154	13226.750481815709	20963.546318151595	289.39529578241127	283.50269852053134	1.588882673905983	0.01857218588771592	6	20000	0.2787824466362721	4.450238467363141	61f40f0d8b5ef7af	""
cm_lba1	7	0.019958624999844687	0.002038646	0.014521125000101165	4.329739874999859	19301.05034686235	30244.368451382674	98.14237351676275	1047.658819901315	1.573104140826218	0.02694375883339284	6	20000	0.40801827793709167	4.949148369027614	61f40f0d8b5ef7af	""
cm_lba2	9	0.041640666999910536	0.004012042	0.015353540999967663	4.625506416999997	22420.768749897943	30716.644287109375	365.93444706199443	669.6661296132843	1.3566470026877044	0.03157234857002089	6	20000	0.4940680839978694	5.255192843742152	61f40f0d8b5ef7af	""
cm_lnr	8	0.24981945899980929	0.0136131665	0.017921499999829393	4.581280416000027	33241.330339898486	29317.994016992845	1308.9594697681023	1031.4685473598893	0.8913169648418522	0.03486431770873527	6	20000	0.928259232297779	5.185561796339713	61f40f0d8b5ef7af	""
cm_lnr_bench	9	0.2852937079999265	0.013873937499999999	0.018386207999810722	4.817525625000144	135602.06652220763	208070.31208609272	2234.4797427891754	1955.5041670346254	1.537370305471546	0.03581596034391876	6	20000	3.011208975944079	8.997318074721809	61f40f0d8b5ef7af	""
cm_loggamma	6	0.017703707999999097	0.0016728124999999998	0.014845292000018162	4.125604625000051	14164.591312972498	22310.68999416599	438.509151982661	909.6270246680397	1.5814801052244667	0.017925301620919543	6	20000	0.3026683467594491	4.586663716883389	61f40f0d8b5ef7af	""
cm_lognormal	6	0.038376833000029364	0.002545146	0.017028249999839318	4.198806625000088	18956.230471314957	28573.589439138428	602.9661166978749	991.7234357370253	1.5411654990579349	0.026317850996182113	6	20000	0.4200465884263285	4.787306663782696	61f40f0d8b5ef7af	""
cm_logstudent	6	0.012478749999900174	0.001586062	0.014310833999843453	4.135235540999929	12868.839715254933	21412.407153308646	345.656677478305	1380.0598558146648	1.6656366454116156	0.07803388072687012	6	20000	0.2714416063049988	4.577794518065946	61f40f0d8b5ef7af	""
cm_logweibull	5	0.011495082999999795	0.0013886670000000001	0.01333424999984345	3.967364541999814	11898.990482417068	18109.094341946988	209.68118162340215	514.3356632128234	1.500418733614913	0.037555615755577754	6	20000	0.2508635596483412	4.342880678838597	61f40f0d8b5ef7af	""
cm_rdm	7	0.18309520899993004	0.009894625	0.018431041999974695	4.502260834000026	27200.188530815973	27100.461239103362	287.1707772329337	693.0876962416041	1.036646338873272	0.02192890585749674	6	20000	0.7369936046162495	5.062701100782068	61f40f0d8b5ef7af	""
cm_weibull	5	0.012542082999971171	0.0012592915	0.01453970800002935	3.9859152080000513	12478.530130374204	20642.00491681729	276.73275845985154	863.9873966337091	1.6896928181109434	0.06455870985426126	6	20000	0.26337197710745525	4.413295014336427	61f40f0d8b5ef7af	""
covid19imperial_v2	51	0.01383033299998715	0.891816063	0.014120874999889566	6.910269542000151	237775.95975147793	348013.0397195901	5735.891021902775	3828.144910846924	1.4475147008771314	0.04308565282186494	6	20000	5.661165591029546	13.884651211391843	61f40f0d8b5ef7af	""
covid19imperial_v3	51	0.0142365830001836	0.8931220209999999	0.01436912500003018	6.914672082999914	236722.52986870584	372824.7711463501	4741.655540087551	7907.33112637719	1.5665218263050547	0.0355963097695049	6	20000	5.641809201374301	14.385536630926946	61f40f0d8b5ef7af	""
ctsem_ctsm	181	0.04189608299975589	0.8050208125	0.05262312500008193	88.54188300000033	1436848.84162725	2080088.611983471	56599.3891433517	15554.123975409893	1.4307323320596845	0.023775327378857902	6	20000	29.583893728044753	130.1962783646698	61f40f0d8b5ef7af	""
diamonds	26	0.007514541000091413	0.0302924165	0.011450291000073776	3.4151179580003372	311.2842140600966	32671.445690672965	11.416555899741269	639.8448857568565	104.33658418116885	0.685381545662672	6	20000	0.04403264178129335	4.0799971628138705	61f40f0d8b5ef7af	""
dogs	3	0.0072793750000528235	0.016415832999999998	0.011592374999963795	3.629984166000213	1975.559142955231	65103.46226971419	66.35263115810665	1497.0408511541937	33.03498741363497	1.2822866769986216	6	20000	0.06320639085915744	4.943645786394461	61f40f0d8b5ef7af	""
dogs_hierarchical	2	0.00747312499970576	0.016533729	0.011682708999614988	2.7708387500001663	2630.172203231389	36101.43951612903	50.93527763729821	660.6961122323701	13.656594533279716	0.31631740936727404	6	20000	0.07661029806433355	3.504550249322362	61f40f0d8b5ef7af	""
dogs_log		0.008036665999952675		0.012764249999690946	3.2562276670000756								20000			61f40f0d8b5ef7af	dogs_log/gradient/0/stanli: failed (event 2775)
dogs_nonhierarchical	65	0.009987458000068727	0.0173140835	0.012788000000000466	6.897118249999949	15387.404919077611	42624.97172214674	236.9309593023254	311.3026321651305	2.771674392540107	0.04713239562848215	6	20000	0.33504963988162095	7.762405684442884	61f40f0d8b5ef7af	""
dugongs_model	4	0.007394666999971378	0.0005768335000000001	0.012485875000038504	3.0097948340003313	448.8174167405772	952.3714013506276	8.76414998880091	23.566909902947657	2.2444356039880717	0.025920515883112394	6	20000	0.01694784883478292	3.0413281370273824	61f40f0d8b5ef7af	""
earn_height	3	0.006794708000143146	0.0008142080000000001	0.012018458000056853	2.8010673329999918	40.03110117399467	10819.516570791478	1.2534217203248623	290.59697991125995	266.78338877344356	3.911412869357406	6	20000	0.00840953802362304	3.029476122415878	61f40f0d8b5ef7af	""
eight_schools_centered	10	0.006458500000007916	0.0002924375	0.011959500000102707	2.9612733330000083	114.01277769646505	304.3889822527527	3.513809117970048	9.076841387150381	2.6732161871956084	0.021170979695965153	6	20000	0.009031193053937217	2.979320612645166	61f40f0d8b5ef7af	""
eight_schools_noncentered	10	0.007157250000091153	0.0003295205	0.012330166000083409	3.2874006249999184	110.00991404142312	383.7846119622764	1.5388707037604163	9.993917545823649	3.5382612131476927	0.04122658451107242	6	20000	0.009686968780919614	3.307406483239247	61f40f0d8b5ef7af	""
election88_full	90	0.010872625000047265	0.012717458000000001	0.012743124999815336	4.143270874999871	40520.165398316065	939839.5517676768	1049.058292549169	28660.264804600214	23.626341949834163	0.16085601611931466	6	20000	0.8339933909663686	22.952805035353226	61f40f0d8b5ef7af	""
extra_hurdle_poisson	2	0.006529332999889448	0.000382167	0.01155491700001221	2.605916750000233	204.22445189013104	476.8974294514619	4.4170563223081984	4.913546501292046	2.310993116303563	0.01298856385141356	6	20000	0.01099598903769207	2.627009615589275	61f40f0d8b5ef7af	""
garch11	4	0.006283916999564099	0.002634125	0.011135749999994005	2.9483739170000263	6898.45009903169	8376.060568086705	244.75771846354246	251.8193929756635	1.2007773612154726	0.027007048149473967	6	20000	0.14688704398019792	3.1270308783617544	61f40f0d8b5ef7af	""
gp_pois_regr	13	0.0066589580001163995	0.0004155205	0.011514332999922772	5.724658750000344	1915.9285298475363	2879.741663103273	29.4370634085966	88.18300586783403	1.4706084582089445	0.02060108776591718	6	20000	0.04539304909706713	5.793767916262333	61f40f0d8b5ef7af	""
gp_regr	3	0.006756332999884762	0.0003661875	0.012257709000095929	5.4619225420001385	2350.7567232572114	3427.8962795017483	55.668554786026334	66.56704778130347	1.4265858690561861	0.02768784163181459	6	20000	0.054137654965028995	5.5427381765902695	61f40f0d8b5ef7af	""
gpcm_latent_reg_irt	530	0.010705916000006255	0.1053179375	0.013170749999972031	5.280105499999991	110692.72073412698	1424654.2889426958	2312.4413517943394	42757.817774618976	13.08233074409452	0.3481929648194564	6	20000	2.329878268182546	33.78636202885388	61f40f0d8b5ef7af	""
grsm_latent_reg_irt	408	0.010869499999898835	0.0327201045	0.012788709000233212	5.158721834000062	65323.5343758683	780988.7911072532	1995.9808026175233	6883.596144887037	12.087750600754557	0.31900001700040637	6	20000	1.3500602920172649	20.79128636514536	61f40f0d8b5ef7af	""
hier_2pl	669	0.009592917000190937	0.010067542	0.013227542000095127	6.786474209000062	194073.15892007976	430042.01876062923	5867.296763487058	5793.626055743254	2.2102534080208245	0.05683383622042859	6	20000	3.9011236374017857	15.400542126212743	61f40f0d8b5ef7af	""
hierarchical_gp	933	0.017375165999965247	0.0179283745	0.016107291000025725	9.05648149999979	17742.171330812344	44375.675674157304	120.30858748303217	889.1383841120733	2.5011083955761313	0.02564436976076956	6	20000	0.39014696711621216	9.960102304482962	61f40f0d8b5ef7af	""
hmm_drive_0	6	0.009665083000072627	0.03993025	0.012627333000182261	4.806534416999966	114514.74546908315	142698.7700677836	3590.6370480344704	4338.200247328437	1.2585127844423627	0.006014615225753861	6	20000	2.339890242381735	7.673137151355821	61f40f0d8b5ef7af	""
hmm_drive_1	6	0.010886167000080604	0.040530104	0.014079291000143712	4.773485875000006	116097.10648148149	153339.12219951925	2742.1885764116014	4948.223993082793	1.3341584323356654	0.016374316830785718	6	20000	2.3733584006297104	7.854347609990535	61f40f0d8b5ef7af	""
hmm_example	4	0.008739500000046974	0.009394	0.01260770799990496	4.072165249999671	17757.99103065831	27496.995683963134	572.3108202371295	570.6239068615469	1.542396396806809	0.08439118502728771	6	20000	0.3732933206132132	4.634712871678838	61f40f0d8b5ef7af	""
hmm_gaussian	14	0.011541667000074085	0.1712584375	0.01317837500027963	4.815265791999991	183568.55958447332	276782.8515649368	4471.455171406487	4792.512297713838	1.5134734923977484	0.024198495052184965	6	20000	3.854171296189541	10.364101198299007	61f40f0d8b5ef7af	""
i319_gauss_re	66	0.009698625000055472	0.0039923755	0.012460874999760563	4.567507000000205	3057.8957026366998	4527.304758638658	92.10991562403456	123.33322355064729	1.4714033682596475	0.014418981313371826	6	20000	0.07484891455278947	4.670513970172739	61f40f0d8b5ef7af	""
i319_negbin_fixed	6	0.0072265829999196285	0.000727229	0.011565999999675114	3.3481129169999804	8453.176199268424	8445.623269987242	299.68358676788375	134.10320815801606	0.9933386673224288	0.022702889006205706	6	20000	0.17701733598528813	3.5285913823994	61f40f0d8b5ef7af	""
i319_negbin_re	66	0.010190624999722786	0.003555438	0.013352292000035959	4.7243714579999505	11604.336168639053	12876.079440633868	337.1342937494028	466.2035473941187	1.107320493514898	0.03171319596490263	6	20000	0.24583278637250383	4.995245338812664	61f40f0d8b5ef7af	""
i319_pois_fixed	5	0.007048583000141662	0.0007242500000000001	0.011913959000139585	3.0976539579996825	424.0222621523101	2822.9562721665734	12.501869856011837	100.88241641364698	6.730482711865987	0.08082506567050496	6	20000	0.016253278243187865	3.1660270424431536	61f40f0d8b5ef7af	""
i319_pois_re	65	0.010580332999779785	0.0032876040000000004	0.013764042000275367	4.486358541999834	1625.7717242040908	6689.2072830811685	14.042336597108033	143.74000379774316	4.12210180242959	0.09742477997908283	6	20000	0.0463833714838616	4.633906729661733	61f40f0d8b5ef7af	""
i319_pois_re2	302	0.011183749999872816	0.005818271	0.01319179099982648	4.802389042000414	7120.984850936045	11110.260726170009	222.2747199489031	328.41993291544077	1.5242278259397357	0.03683517351500121	6	20000	0.15942171801859373	5.037786047523641	61f40f0d8b5ef7af	""
i320_gp_expquad	34	0.01027433299987024	0.0010673125000000001	0.012813416000426514	7.002987249999933	11244.214529454022	14542.881496624774	62.100676610239134	220.32582982890563	1.2817214211155419	0.019519614942492547	6	20000	0.2362259360889507	7.306658295932855	61f40f0d8b5ef7af	""
i320_gp_matern32	34	0.010926999999810505	0.0009075005000000001	0.013587791000190919	6.92425216599986	32212.55093111688	28986.98883101852	756.2691628979519	674.0232423481502	0.9173071700787161	0.012627405179098383	6	20000	0.6560855191221481	7.517579733620422	61f40f0d8b5ef7af	""
i320_mi_nhanes	27	0.013840291999713372	0.001553229	0.014804542000092624	4.395452999999634	1156.359392215044	1916.9035139500072	41.43731094348061	48.47916594089611	1.6174440313632625	0.03669172402059173	6	20000	0.03852070884401425	4.4485956122787265	61f40f0d8b5ef7af	""
i320_pois_trunc_both	4	0.00819083300029888	0.0031075415	0.012845499999912136	3.561833083000238	23919.762356439467	31484.529155865974	648.4886576608824	845.5847944779835	1.3134439012413466	0.008592858272236104	6	20000	0.48969362162908825	4.20436916611747	61f40f0d8b5ef7af	""
i320_pois_trunc_ub	4	0.007403416000215657	0.0023674580000000002	0.011653250000108528	3.4823217909997766	18510.405283699638	25344.10388235756	624.327690035303	370.14475582991145	1.36664684601354	0.03916785458486982	6	20000	0.3799789796742084	4.000857118647036	61f40f0d8b5ef7af	""
i320_sratio_cs	8	0.011587416000111261	0.018620875000000002	0.013679916999990382	5.000699790999988	84684.91283894342	99726.71635012698	1282.635607657794	1018.5223642779238	1.1912549278547107	0.017653309583280263	6	20000	1.72390654777898	7.008914035002518	61f40f0d8b5ef7af	""
i320_sratio_plain	6	0.009090624999771535	0.014286104	0.012279791999844747	3.776246542000081	3421.8977600429625	70273.89882286996	59.803313096520924	1419.2175763733248	20.79042861867984	0.9501374136435032	6	20000	0.0918146842006308	5.194004310457324	61f40f0d8b5ef7af	""
iohmm_reg	29	0.016021874999751162	0.207817937	0.014841374999832624	6.026775166999869	158590.62445200738	339980.6484177587	6078.511762837719	6434.8897318776	2.1499448857640937	0.04878496141112576	6	20000	3.395652301039899	12.841229510354875	61f40f0d8b5ef7af	""
irt_2pl	144	0.007559874999969907	0.0015568545	0.011774666999826877	4.141693415999725	16892.48047346743	35987.901170559766	459.5943228142023	822.3012177002602	2.1331153620653867	0.04036909985863768	6	20000	0.34696633896931844	4.873226106410748	61f40f0d8b5ef7af	""
kidscore_interaction	5	0.006850541999938287	0.000821021	0.011537458000020706	3.0091757079999297	66.3899285484712	9347.258577052668	1.266511450344133	136.8016619355958	140.19955367964886	2.0469424523756743	6	20000	0.00899936157090771	3.207658337541004	61f40f0d8b5ef7af	""
kidscore_interaction_c	5	0.007207125000149972	0.0009749165	0.012150542000199493	3.010608458999741	51.66105821211795	9407.527657149296	1.0995034738333018	94.50642668848559	179.41517113606574	4.680118011471052	6	20000	0.009215262664392331	3.2109095541429262	61f40f0d8b5ef7af	""
kidscore_interaction_c2	5	0.007187458000316838	0.000975625	0.01233212499982983	2.989064374999998	51.653973825891256	9152.255584964776	0.8680241558909323	235.73000348646565	180.7660075454599	4.8149625206099245	6	20000	0.009196162476834663	3.1844416116991234	61f40f0d8b5ef7af	""
kidscore_interaction_z	5	0.007272875000126078	0.0008980205	0.011465583000244806	3.0937921670001742	50.70482714512832	9028.78130926106	1.2216275462062605	231.12310313768558	178.09065170443768	2.069462894702596	6	20000	0.009184992043028643	3.28583337618564	61f40f0d8b5ef7af	""
kidscore_mom_work	5	0.006995457999892096	0.001615854	0.01123649999999543	2.9280395830001	81.70892146396235	9216.444709961328	0.7636672587556461	269.37245296265974	111.88727701946718	3.0199539463221186	6	20000	0.010245490429171344	3.1236049771993217	61f40f0d8b5ef7af	""
kidscore_momhs	3	0.006360375000440399	0.000520104	0.011439041999892652	2.8507816659998753	52.49812486150243	3801.625034573259	1.120331536602695	229.8000382533296	73.12667398984479	4.617198515132024	6	20000	0.007930441497670448	2.938253208691233	61f40f0d8b5ef7af	""
kidscore_momhsiq	4	0.0065954169999713486	0.00080375	0.010931124999842723	2.9638311250000697	58.129491352908126	6344.35255158463	1.0047407181952082	181.33516335547802	106.06975453372846	2.316311035169491	6	20000	0.008561756827029511	3.101649301031605	61f40f0d8b5ef7af	""
kidscore_momiq	3	0.0065344580002602015	0.000649687	0.011083957999744598	2.86786737500006	52.941875647767745	3604.8841457361787	0.881310889432072	130.94873994203886	68.23599646339885	1.0761254334145747	6	20000	0.008242982513215556	2.951049015914528	61f40f0d8b5ef7af	""
kilpisjarvi	3	0.006447084000228642	0.00045558299999999996	0.011326166999879206	2.8054070000002866	65.87547703566312	720.9202780330882	1.6298913119132017	17.98293651219086	11.162877467091569	0.3254795001454438	6	20000	0.008220176540941905	2.8311515725608274	61f40f0d8b5ef7af	""
kronecker_gp		0.010367542000039975		0.012782333000359358	8.440171291999832								20000			61f40f0d8b5ef7af	density/gradient mismatch: scaled error 0.000113
ldaK2	7	0.007508542000323359	0.0101148335	0.012484249999943131	3.703825166000115	51599.80317491235	113819.54156875229	820.4702930249259	3367.863953734486	2.18344957605558	0.08168239215109474	6	20000	1.0496194389985705	5.9927002473751045	61f40f0d8b5ef7af	""
ldaK5	7714	0.007810874999904627	0.48345970800000004	0.011758083000131592	3.7661648749999586	2445389.7111174567	5628962.966666667	46023.65521917702	49780.04227053141	2.365609699067153	0.033892134801755125	6	20000	49.39906480534904	116.35718229133342	61f40f0d8b5ef7af	""
log10earn_height	3	0.006607708999581519	0.0007552085	0.011550666999937675	2.8112514999997984	40.34266984108177	10349.04670040988	0.6859501212452521	109.49156039308855	258.61660388385206	3.768846871102369	6	20000	0.008169770896403155	3.0297831010079337	61f40f0d8b5ef7af	""
logearn_height	3	0.006563834000189672	0.000816208	0.011387915999875986	2.852197167000213	40.40252679137774	11086.295503937103	1.235746370483536	755.8070652852766	279.9873431562284	19.84962299277896	6	20000	0.008188092536017226	3.085310993078831	61f40f0d8b5ef7af	""
logearn_height_male	4	0.007511750000048778	0.000921417	0.012390749999667605	2.940344124999683	43.77772063750463	18460.719450176886	0.9318362302174101	195.5497214494353	426.3038108324679	3.37485521042467	6	20000	0.00930872141279887	3.3219492640028885	61f40f0d8b5ef7af	""
logearn_interaction	5	0.007699416999912501	0.00097025	0.011573540999961551	3.0036087500002395	49.99020589123177	27644.532654568393	1.0039263263674272	750.7426848772029	536.978018843999	21.412417369430614	6	20000	0.009669471117737137	3.568072944091569	61f40f0d8b5ef7af	""
logearn_interaction_z	5	0.00692354200009504	0.0008910834999999999	0.011088833000030718	3.128471083000022	51.149632020818046	26064.269281181016	1.3905827298503617	452.65192169214424	518.9580416314144	11.94619201703955	6	20000	0.008837618140511401	3.6608453016236733	61f40f0d8b5ef7af	""
logearn_logheight_male	4	0.007161125000038737	0.0008432085	0.011993459000223083	2.9437256669998533	43.75375368716486	18509.177028293576	0.6158895432066984	587.808450169885	419.125206134952	11.273404021784927	6	20000	0.008879408573782034	3.325902666565948	61f40f0d8b5ef7af	""
logistic_regression_rhs	3075	0.009524249999685708	0.0108156455	0.013167500000236032	4.88287179200006	44571.810482243745	102436.56413398693	680.3909267157942	2473.8953482434663	2.359842435978467	0.07574496171845313	6	20000	0.9117761051445606	6.944770574680035	61f40f0d8b5ef7af	""
logmesquite	8	0.00819374999991851	0.000583375	0.012272458000097686	3.1423015840000517	68.86029476281144	1921.1134286896686	2.354185453439989	36.927614062067505	27.51067941316731	0.864749115350083	6	20000	0.01015433089517474	3.1929963105739425	61f40f0d8b5ef7af	""
logmesquite_logva	5	0.008042500000101427	0.0005058335	0.01244516700035092	3.150284708000072	51.08443359375	1133.148788344547	1.1112718407265234	8.044710645359828	22.050826276750396	0.5926122226588841	6	20000	0.009570022171976427	3.1853928507673137	61f40f0d8b5ef7af	""
logmesquite_logvas	8	0.008444499999768595	0.0006562295	0.012647125000057713	3.375316833999932	66.62165316611964	1911.0246189868355	1.467501779330746	44.19782851264313	28.76766650981709	0.5534132230261228	6	20000	0.010433162563090988	3.4261844513797266	61f40f0d8b5ef7af	""
logmesquite_logvash	7	0.008225791999848298	0.0006260625	0.012980500000139727	3.3164954170001693	62.80170022730849	1595.2510962441222	0.8113124613237019	44.77590946488135	25.67059994199601	0.7643381625738588	6	20000	0.010107888504394468	3.3613809389251914	61f40f0d8b5ef7af	""
logmesquite_logvolume	3	0.00740300000006755	0.000445146	0.012138750000303844	2.9970007910001186	40.37693412928658	548.5070286224775	1.4815807153651477	10.14113230019899	13.530436648015272	0.33532277051462334	6	20000	0.008655684682653281	3.020109681572872	61f40f0d8b5ef7af	""
losscurve_sislob	15	0.01243816699980016	0.002470021	0.01419312500001979	4.268541834000189	900.2363909553079	2273.3142717002665	24.53115096701714	71.20299620270521	2.5002178473891723	0.028629870892961096	6	20000	0.03291291581890632	4.328201244434214	61f40f0d8b5ef7af	""
lotka_volterra	8	0.008490917000017362	0.00106475	0.0132937920002405	4.313685791999887	23322.388650558114	42399.034309819326	645.24733237898	567.6510708960159	1.7944906721446379	0.029416321366418585	6	20000	0.47600344001117967	5.1749602701965145	61f40f0d8b5ef7af	""
low_dim_gauss_mix	5	0.007008417000179179	0.0045510415	0.012265500000012253	3.166129875000024	47459.93920454546	106457.73335373	630.5953704948915	2585.0556639333736	2.2468868993820372	0.036764721655973887	6	20000	0.9607582425910882	5.307550042074636	61f40f0d8b5ef7af	""
low_dim_gauss_mix_collapse	5	0.006522750000385713	0.005067146	0.011098291000052996	3.0943587920000937	44027.965362610485	102569.63048690619	596.3336366186923	2471.9255794364	2.3587216977577614	0.011361891484548137	6	20000	0.8921492032525954	5.1568496927382705	61f40f0d8b5ef7af	""
lsat_model	1006	0.00723958299977312	0.0038578335	0.011837833000299725	3.713352415999907	39384.748177339825	92708.4027366864	1108.7165203828263	3466.650347123774	2.3508737014094248	0.06864083764990991	6	20000	0.7987923800465696	5.579358303733935	61f40f0d8b5ef7af	""
mesquite	8	0.007288499999958731	0.000594458	0.011543250000158878	3.071029707999969	69.10616987987231	1891.370119080063	1.9031987643885344	23.206827244944975	27.557040138219392	1.4231964968402409	6	20000	0.009265081397556177	3.1204003603817294	61f40f0d8b5ef7af	""
multi_occupancy	106	0.012915208000322309	0.0091033545	0.013197041999774228	6.018032499999663	23614.515012521777	61024.83432976775	806.3912385402018	1713.8423712121185	2.5452126001486493	0.023865087295224185	6	20000	0.49430886275075786	7.2517262285947925	61f40f0d8b5ef7af	""
nes	10	0.007589999999709107	0.0051920000000000004	0.011582624999846303	3.2153128750001088	72.31927658547909	71930.27873960855	2.1310291675740416	1827.84770898235	992.2449758523242	24.07752854547965	6	20000	0.01422838553141869	4.665501074792126	61f40f0d8b5ef7af	""
nes_logit_model	2	0.0068360840000423195	0.00042329149999999996	0.01201604200014117	3.104934417000095	98.06632820414734	6785.011682359272	0.8922500317512458	162.37232779030683	70.33133457332087	1.308406556769107	6	20000	0.009220702064125267	3.2526506926474217	61f40f0d8b5ef7af	""
nn_rbm1bJ10	7951	0.009115457999996579	0.0098931665	0.012342250000074273	5.4493922500000735	161046.84552962403	196950.83040520485	3962.417197022034	6278.040224828932	1.235778952764162	0.030444063558147216	6	20000	3.239945535092477	9.400751108104245	61f40f0d8b5ef7af	""
nn_rbm1bJ100	79411	0.009645375000218337	2.9203913750000003	0.01243770900009622	5.470108292000077	436485958.5	460792500.0	822063.0	3894750.0	1.056581157478635	0.013405070903766081	6	20000	8732.64920675	9221.332546001	61f40f0d8b5ef7af	""
normal_mixture	3	0.007606708999901457	0.004628396	0.012817499999982829	2.5789548339998873	42652.02954204539	91242.37215736235	674.6458723192482	937.0259231005039	2.218447317554716	0.09475886043361781	6	20000	0.8652756958408092	4.416619777147117	61f40f0d8b5ef7af	""
normal_mixture_k	14	0.00726562499994543	0.0427117085	0.012283417000162444	3.442418166999687	203873.91801948054	388557.30582719744	2027.7134244877816	9303.537316989474	1.990404475409603	0.07358928449067781	6	20000	4.127455693889556	11.225847700543799	61f40f0d8b5ef7af	""
one_comp_mm_elim_abs	4	0.007641415999842138	0.0007561040000000001	0.012131833999774244	3.414616625000235	498152.4622755905	476571.4016814134	4935.993515049544	12172.65483926129	0.9528819244189313	0.017335380903993614	6	20000	9.971446765511653	12.958176492628276	61f40f0d8b5ef7af	""
pilots	18	0.008622249999916676	0.00064025	0.012957916999766894	3.377650625000115	329.3252790450774	919.1821548821549	9.798817921420437	23.143780272465165	2.7617280165336204	0.08864752234209106	6	20000	0.015849005580818226	3.408992185097525	61f40f0d8b5ef7af	""
prophet	62	0.012105166999845096	0.0132041665	0.014226917000087269	4.916229624999687	37182.71944912399	74744.15922619047	1271.6916500139378	1891.5258508224579	2.014608924930113	0.033651330440297667	6	20000	0.7689637224823249	6.425339726523584	61f40f0d8b5ef7af	""
radon_county	389	0.007326082999952632	0.0087673955	0.012247084000136965	3.137720624999929	1607.8644599156664	82119.48024259869	36.66703437278841	2369.4405271630094	50.604528624926715	0.3772516499352214	6	20000	0.04825076769826596	4.7923573138520394	61f40f0d8b5ef7af	""
radon_county_intercept	388	0.007165041999996902	0.09171631250000001	0.011515707999933511	2.974295790999804	4304.029744550702	458723.37966959766	690.9022737706796	13639.696339108661	109.95891218179744	17.322802543282677	6	20000	0.18496194939101096	12.16027909239169	61f40f0d8b5ef7af	""
radon_hierarchical_intercept_centered	391	0.008043916000133322	0.18197477099999998	0.012191416999939975	3.297363000000132	7848.865864689762	614441.7241679683	696.8520287356041	10985.38188863371	76.56122153154004	7.152954642305801	6	20000	0.3469960042939285	15.598388900359438	61f40f0d8b5ef7af	""
radon_hierarchical_intercept_noncentered	391	0.008196708000014041	0.1790283745	0.01226912500032995	3.4228190409999115	7302.311918576825	583465.8664546555	148.946929995539	9907.306531126495	78.9411964096328	1.2184885125288432	6	20000	0.33327132087155054	15.104405495093353	61f40f0d8b5ef7af	""
radon_partially_pooled_centered	389	0.006991249999828142	0.061921937999999996	0.011650041999928362	3.0047053750004125	1640.1684147958129	290676.48978619126	107.19667877555071	7631.76981532402	181.1849416449787	4.181338919177293	6	20000	0.10171655629574439	8.829885212724166	61f40f0d8b5ef7af	""
radon_partially_pooled_noncentered	389	0.0076394160000745615	0.063293208	0.01277666699979818	3.2052010830002473	2135.771976576505	280100.5167410714	68.87767211017251	3079.9830021333764	130.41696243570726	2.380629715468366	6	20000	0.11364806353160467	8.819988084821475	61f40f0d8b5ef7af	""
radon_pooled	3	0.00683308300040153	0.006187083499999999	0.01140645899977244	2.698815375000322	81.21314615581929	340733.77773100557	2.0376011418125373	5075.065652051882	4198.564042605474	97.37755176521114	6	20000	0.014644429423517914	9.524897388620207	61f40f0d8b5ef7af	""
radon_variable_intercept_centered	390	0.007969834000050469	0.09153943749999999	0.012665000000197324	3.0890697089998866	4426.060936904535	455770.29000476084	388.31329350160445	12748.04062683304	104.52743258286841	11.677726087612022	6	20000	0.18803049023814117	12.217140509095302	61f40f0d8b5ef7af	""
radon_variable_intercept_noncentered	390	0.007642541999757668	0.0898203335	0.012087457999768958	3.2830732080001326	4596.71639996941	455666.94117063493	101.42310023165601	11613.741066771006	99.82765202910616	1.6991608620505119	6	20000	0.18939720349914588	12.4084994894126	61f40f0d8b5ef7af	""
radon_variable_intercept_slope_centered	777	0.007734834000075352	0.17347141700000002	0.012042709000070317	3.223834750000151	5051.187743201623	470829.02537593985	107.61886144977234	8039.688354700862	93.35153266260195	0.6660189025589531	6	20000	0.28223000586410785	12.652457966519018	61f40f0d8b5ef7af	""
radon_variable_intercept_slope_noncentered	777	0.008225083000070299	0.17152433350000001	0.01224866699976701	3.4842233330000454	6637.086195671695	462177.68480392155	141.65268174454786	7158.739151747664	69.97707422701181	0.2510112488171927	6	20000	0.31249114041350423	12.740025696078243	61f40f0d8b5ef7af	""
radon_variable_slope_centered	390	0.00747091699986413	0.0887457705	0.011534666999978072	3.086554707999767	4053.3713392247264	451476.33804111433	94.38102011903516	15066.606321170053	110.26164952462798	2.4638144464005407	6	20000	0.17728411428435867	12.12761613582203	61f40f0d8b5ef7af	""
radon_variable_slope_noncentered	390	0.007760208000036073	0.0928875415	0.017329415999938647	3.2553738339997835	4778.925433807711	459207.09174718196	136.00852207399748	12455.171906142321	95.7878938431954	3.647141339923344	6	20000	0.19622625817619027	12.456845084943362	61f40f0d8b5ef7af	""
rats_model	65	0.007788375000018277	0.0013814165	0.012806832999558537	3.064685666999594	719.0286356524073	5259.881325584185	17.86683631211406	141.06962319544164	7.238383023552551	0.13171202084259992	6	20000	0.023550364213066423	3.1826901265108365	61f40f0d8b5ef7af	""
s2_ar_cov	4	0.019693499999902997	0.0021653745	0.019081916000232013	7.157812791999731	5774.991854319853	5837.173959725937	39.978463819053104	203.4134881373734	1.0294139149042065	0.023074849486874882	6	20000	0.13735871158630006	7.293638187194482	61f40f0d8b5ef7af	""
s2_beta_binomial	3	0.007886291999966488	0.000591479	0.011918624999907479	3.6772500000001855	4640.2438938082605	5840.009494180767	122.6483863341241	194.09872444733764	1.2398318592673971	0.02913347558777002	6	20000	0.10128264887613171	3.8059688148837085	61f40f0d8b5ef7af	""
s2_car	10	0.0117274589997578	0.001633792	0.013526041000204714	4.355790707999859	913.4436656641922	1959.0352526386391	10.493022263652165	43.64724018127936	2.170308593934626	0.012368083565510224	6	20000	0.031630124313041644	4.408497454052836	61f40f0d8b5ef7af	""
s2_car_esicar	8	0.01203179200001614	0.0015738750000000002	0.014317374999791355	4.48031658400032	824.5035657905179	1768.4572945838304	13.983882348169516	64.76747634912999	2.1269266793764565	0.09957385383352513	6	20000	0.0300957383158265	4.530003104891788	61f40f0d8b5ef7af	""
s2_car_icar	9	0.009543667000343703	0.001254229	0.012613124999916181	4.4091647500004	645.0747079286759	1651.1585081845237	4.345519020285337	56.108520517665966	2.52072961448838	0.06005864943522399	6	20000	0.02369939015891722	4.4548010451640065	61f40f0d8b5ef7af	""
s2_categorical_re	16	0.01526054199985083	0.002651521	0.01515087500001755	5.404150374999972	5312.853834069294	7201.267346329005	118.40940916814407	261.19227764423067	1.369157096281643	0.04227808569505309	6	20000	0.1241691396812367	5.5633265969265695	61f40f0d8b5ef7af	""
s2_cens_interval	3	0.010442000000239204	0.0010222084999999999	0.013802208000015526	3.746847875000185	1426.1113435872394	2804.545594821172	43.11103153113186	61.91281846464676	1.9442566578267826	0.017840162879260046	6	20000	0.03998643537198399	3.816740994896624	61f40f0d8b5ef7af	""
s2_com_poisson	3	0.022519041000123252	0.009411209	0.015870041999733075	3.627383708000707	232059.09486011224	60298.242965560086	8498.670992275947	1697.6666033609872	0.2543998244131933	0.008305221620357017	6	20000	4.673112147202367	4.849218609311642	61f40f0d8b5ef7af	""
s2_cosy	4	0.019148082999890903	0.001762604	0.018274541000209865	6.492572458999348	5317.513724949049	5529.977211004384	23.78183701039461	169.66688874125566	1.009891759696706	0.006345016379099011	6	20000	0.1272609614988719	6.621446544219645	61f40f0d8b5ef7af	""
s2_cox	6	0.009934249999787426	0.000957687	0.014009208000061335	4.153073499999664	764.2608642578125	2293.5742293554945	18.572013965551378	47.20254226979364	3.018986560838292	0.09576595043474523	6	20000	0.026177154284943674	4.212954192586835	61f40f0d8b5ef7af	""
s2_cox_cens	6	0.011635834000117029	0.0011551875	0.014518666999720153	5.085246458000256	877.0330652453963	2897.252411649687	23.88339019175902	77.27309311159092	3.3597654949163296	0.06069066851514893	6	20000	0.030331682805024955	5.15771017323297	61f40f0d8b5ef7af	""
s2_cumulative_cauchit	4	0.010236959000394563	0.003554833	0.013797582999359292	3.66284933299994	835.245612880646	3838.7425689697266	19.26054813779632	126.57766980784504	4.648080886642084	0.07838378799890977	6	20000	0.030496704258007486	3.753421767378694	61f40f0d8b5ef7af	""
s2_cumulative_cloglog	4	0.009448541999518056	0.0013760415	0.013613250000162225	3.6731122499995763	1137.928984895174	3285.5904683980857	19.17261844047289	85.37925936568786	2.928028425728707	0.00915831758874952	6	20000	0.03358316319742153	3.7524373093677004	61f40f0d8b5ef7af	""
s2_cumulative_probit	4	0.009309250000114844	0.0006853545	0.012891958999716735	3.681636625000465	4285.147026685225	5114.861940541035	181.62102561209167	116.23696905121051	1.1809558106830835	0.03940162599592856	6	20000	0.09569754503381933	3.796825822811002	61f40f0d8b5ef7af	""
s2_custom_vint	3	0.008206417000110378	0.0009945625	0.012052375000166649	3.5276942500004225	4516.301718643326	6226.142724086387	71.170200935514	179.2266773960041	1.3797140778008787	0.037522305165751946	6	20000	0.09952701387297691	3.664269479482317	61f40f0d8b5ef7af	""
s2_custom_vreal	3	0.008353207999789447	0.0009054795	0.012187874999654014	3.472616083000503	108.88347606407714	2013.5839305590557	1.806039660764064	50.27064725577736	18.60942680589823	0.15679922389352896	6	20000	0.01143635702107099	3.525075636611338	61f40f0d8b5ef7af	""
s2_dirichlet	5	0.010596166000141238	0.001313708	0.014238207999369479	4.370794959000705	12200.287269658627	12582.20010176957	258.2867287632862	127.78902808779912	1.035208052911726	0.019055222668932226	6	20000	0.2559156193933138	4.636677169035465	61f40f0d8b5ef7af	""
s2_discrete_weibull	3	0.008557083000596322	0.00094475	0.01245550000021467	3.4852495830000407	1760.1847141371725	3802.9118541550833	19.876951349509	131.5907981919479	2.1270542181981753	0.03933515718624947	6	20000	0.04470552728333977	3.573763320083357	61f40f0d8b5ef7af	""
s2_dist_sigma_re	9	0.01034466699911718	0.001488646	0.013341416999537614	4.928739832999781	929.7023935590033	2364.6486476962746	25.86224061600751	60.40883896059427	2.5823581263093	0.05252451118325907	6	20000	0.030427360870297245	4.989374222953244	61f40f0d8b5ef7af	""
s2_fcor	3	0.008545665999918128	0.0008423335	0.012335250000433007	4.9007671250001295	14023.454593332186	13343.663212890624	326.37819142566786	521.9682421182415	0.9549454662313333	0.033334341714515325	6	20000	0.28985709136656185	5.179975639258375	61f40f0d8b5ef7af	""
s2_frechet	3	0.008128749999741558	0.000560271	0.01204470799984847	3.9426265419997435	1929.2344595841537	2918.482945033482	23.319223345834644	129.67224909622496	1.522977816269693	0.046707872847303045	6	20000	0.04727371019142464	4.013040908900262	61f40f0d8b5ef7af	""
s2_gev	4	0.011305541999718116	0.000919729	0.014631208000537299	3.785775375000412	2334.0862362090666	4887.627608086068	92.44941176735301	219.49011173758663	2.0666695015514756	0.06135234855635818	6	20000	0.05890699572389945	3.898159135162671	61f40f0d8b5ef7af	""
s2_gp_approx	9	0.01158262500030105	0.0010200415	0.013655959000061557	5.181408499999634	555.2604447798295	2005.4565325358105	10.197771587667887	17.885801045026255	3.4954004085158705	0.11672038593614209	6	20000	0.023707875395897637	5.235173589650412	61f40f0d8b5ef7af	""
s2_gp_by_approx	16	0.01607191699986288	0.001886188	0.014195499999914318	5.979448582999794	923.982601612631	3122.3512514928343	25.533640928168666	75.67658372979645	3.3750269623961504	0.06527482636680304	6	20000	0.0364377570321155	6.056091108029565	61f40f0d8b5ef7af	""
s2_gp_by_gr	52	0.02655379199950403	0.0027450625	0.016488582999954815	9.084306292000292	7201.555456202344	10098.568208096685	241.20001406118035	284.8321386896241	1.4011265791672236	0.04657884501246967	6	20000	0.17332996362355094	9.30276623916218	61f40f0d8b5ef7af	""
s2_gr_by	10	0.010311166000064986	0.0014644164999999998	0.013117457999214821	4.8983417499994175	763.0178210998009	1529.653173423704	25.15269345084471	28.666080192377194	1.9821915241661117	0.023003613010734725	6	20000	0.027035938922061003	4.942052271467106	61f40f0d8b5ef7af	""
s2_gr_student	15	0.011709584000527684	0.001399708	0.014032416999725683	5.147258209000029	918.8425393929159	1822.1245168747496	7.2083302400279194	30.213829215131227	1.95241353794943	0.05963578373306022	6	20000	0.031486142788386004	5.1977331163372495	61f40f0d8b5ef7af	""
s2_hurdle_cumulative	4	0.010122874999979103	0.0031581875000000004	0.013927749999311345	4.169111749999502	2449.491578178981	6917.372779298241	39.89108355729127	36.56952313256352	2.8176175114268864	0.02983008139308052	6	20000	0.06227089406355872	4.321386955584778	61f40f0d8b5ef7af	""
s2_hurdle_negbin	4	0.010285207999913837	0.0034833750000000004	0.014273957999648701	3.535647874999995	3552.878856714221	7267.339113136574	110.43519656823378	149.13067541991722	2.0878823220866165	0.05271230673992888	6	20000	0.08482616013419826	3.6952686152623753	61f40f0d8b5ef7af	""
s2_index_mi	9	0.011800374999438645	0.001558646	0.0145340839999335	4.221033625000018	835.497590149341	1668.9156256781685	7.607614154949829	59.430036834648945	2.0242359854548195	0.0573188939266609	6	20000	0.030068972802425466	4.268946021513515	61f40f0d8b5ef7af	""
s2_invgaussian		0.008603332999882696		0.012783791999936511	3.6950557090003713								20000			61f40f0d8b5ef7af	s2_invgaussian/gradient/0/stanli: failed (event 5338)
s2_logistic_normal	7	0.015039249999972526	0.002952146	0.016132791000018187	6.322447083000043	15684.51979876712	19440.152209051725	439.5733158981011	286.9752548949018	1.274765499375322	0.033758870527306195	6	20000	0.3316817919753149	6.727382918181095	61f40f0d8b5ef7af	""
s2_me2	89	0.012092082999515696	0.0021856045	0.013637916000334371	6.682616916999905	2346.9627080559376	4201.998482125999	68.86038420354225	73.2249247986847	1.737023194660931	0.028936549307163384	6	20000	0.06121694166063445	6.780294802642759	61f40f0d8b5ef7af	""
s2_me2_nomecor	88	0.010338707999835606	0.0021346875	0.012971041000128025	4.411660124999798	1397.8997209431739	3342.6527447049016	45.54342670111589	125.74844295101116	2.4064210224243654	0.07193539343717492	6	20000	0.04043138991869909	4.491484220894025	61f40f0d8b5ef7af	""
s2_mi_lognormal	9	0.01224483300029533	0.0010084375	0.014620540999203513	4.588784583000233	498.2083050320856	1775.8235772638732	19.274304382561155	38.20100526964859	3.583136737344411	0.12600443998622923	6	20000	0.023217436600937044	4.638921595544715	61f40f0d8b5ef7af	""
s2_mi_trunc_lb		0.011642000000392727		0.013380583000071056	4.438210333000825								20000			61f40f0d8b5ef7af	density/gradient mismatch: scaled error 2.99e-07
s2_mixture_theta	8	0.014116082999862556	0.002510313	0.015481708000152139	4.515842458999941	6913.246907939609	8515.906191589751	173.05062177783475	209.064937053824	1.2522123289682532	0.008983771486847147	6	20000	0.15489133415865475	4.701642290831888	61f40f0d8b5ef7af	""
s2_mm	9	0.010670916999515612	0.002000896	0.013101665999784018	4.690044541000134	1290.8043320315765	1897.7785476684571	39.543282681698315	61.602680517126146	1.4772489124820947	0.046038091973498396	6	20000	0.03848789964014714	4.741101777953287	61f40f0d8b5ef7af	""
s2_mm_weights	9	0.010663041999578127	0.0020049795000000002	0.01305370799946104	4.680064207999749	1275.7494102424007	1948.581340169519	10.89351126969791	47.72540702105789	1.5061836060027027	0.009813392438033919	6	20000	0.03818300970442614	4.7320895428026	61f40f0d8b5ef7af	""
s2_mmc	16	0.012727708000056737	0.0027156665	0.013995000000250002	6.935630625000158	2547.388712565104	3657.829195329905	13.95372040032521	52.38235622075808	1.447427870100477	0.01458741330171931	6	20000	0.06639114875135882	7.022782208907006	61f40f0d8b5ef7af	""
s2_mo_simo_prior	5	0.009731041999657464	0.0035434999999999998	0.012949749999279447	3.9616458749997037	774.2460531332465	2013.930856173156	17.785435957130517	44.127883773954636	2.591182865750509	0.05880051224053795	6	20000	0.028759463062322393	4.014874242122446	61f40f0d8b5ef7af	""
s2_multinomial	4	0.009959166000044206	0.0011810625	0.012760374999743362	3.982043333000547	9188.648503637567	10118.407570863383	372.595025389337	221.66015530151435	1.1150030523719454	0.018718208559033944	6	20000	0.19491319857279554	4.197171859417558	61f40f0d8b5ef7af	""
s2_mv_shared_re	19	0.015417583999806084	0.0022832705	0.014471834000687522	7.100122875000125	1978.2788254370846	2974.7719027831995	75.08649552219595	72.3844109900117	1.5228244606824468	0.026455825981350878	6	20000	0.05726643100854778	7.174090147056476	61f40f0d8b5ef7af	""
s2_mv_subset	6	0.010091915999510093	0.000811042	0.012879875000180618	3.467145249999703	204.54317931637217	681.4883413304163	5.238821564748804	13.983079633011982	3.320240161955131	0.03260524590980807	6	20000	0.014993821585837536	3.493654891826492	61f40f0d8b5ef7af	""
s2_nl_noloop	5	0.008200584000405797	0.000672792	0.01207341700046527	3.9065011669999876	459.4836852444751	1903.8026362278665	15.281931073980957	32.50742677970322	4.059247356395352	0.07371370782906705	6	20000	0.0180630497052953	3.9566506367250103	61f40f0d8b5ef7af	""
s2_nlf	3	0.009736459000123432	0.0007331880000000001	0.013216375000411063	3.9578909579995525	689.8500751798115	2512.165129806965	22.338217690582724	58.330902578943096	3.65900119919174	0.04819881374041435	6	20000	0.024266648503719658	4.021350635596103	61f40f0d8b5ef7af	""
s2_rate	2	0.007811041999957524	0.000565812	0.0121057500000461	3.5927040830001715	536.0706222646445	1272.393409708002	11.4538218413457	41.68948916332988	2.3566128790462004	0.07045608878706267	6	20000	0.019098266445250416	3.6302577011943775	61f40f0d8b5ef7af	""
s2_s_by	52	0.01970854099999997	0.001858125	0.016771124999650056	5.850663582999914	1409.6890181618176	4526.171639308193	31.784746166492027	54.109272730363955	3.2172045941494414	0.09875791110319931	6	20000	0.049760446363236316	5.957958140785728	61f40f0d8b5ef7af	""
s2_s_cc	11	0.00882662500043807	0.0008038745	0.012195917000099143	4.295583957999952	393.5422051869147	1393.2829413385202	9.53728655465136	13.324111231011102	3.5353831626760543	0.06270329326263768	6	20000	0.017501343604176364	4.335645533826821	61f40f0d8b5ef7af	""
s2_sar	4	0.01093304200003331	0.0008712920000000001	0.013549750000493077	4.057743334000406	3466.697604997784	8638.254386839983	98.83928045896596	271.9822514233156	2.5152341896262915	0.010367459486688269	6	20000	0.08113828609998898	4.244058171737699	61f40f0d8b5ef7af	""
s2_sar_error	4	0.010750749999715481	0.0007950835	0.013541708000047947	4.101643915999375	3765.6741552705703	8716.892436177055	36.699050579720506	137.1585633228624	2.346241737894634	0.03636176430216542	6	20000	0.0868593166051269	4.289523472722964	61f40f0d8b5ef7af	""
s2_shifted_lognormal	4	0.009194917000058922	0.0005944375	0.01312549999965995	3.912454250000337	412.780782980861	1373.426881119582	4.514051227827338	10.58140826874694	3.38319124986215	0.05540909802502125	6	20000	0.01804497015967614	3.953048287622389	61f40f0d8b5ef7af	""
s2_t2_by	56	0.015994916000636294	0.0018718125	0.014879874999678577	5.838492458000474	1485.1991998099104	4648.083757722579	36.43466405269885	135.22343766209542	3.1149791554569957	0.11699445513120788	6	20000	0.047570712496834505	5.9463340081546034	61f40f0d8b5ef7af	""
s2_threading	4	0.00930533300015668	0.000715271	0.01351837499987596	3.364896625000256	122.70975622298371	419.3087610239023	3.007080222739546	8.246022568894574	3.436360284457577	0.0856835953835402	6	20000	0.012474799124616354	3.3868011752206097	61f40f0d8b5ef7af	""
s2_unstr	31	0.02641483400020661	0.002681687	0.017834459000368952	7.442330249999941	4010.9108456226886	6210.869417067066	51.55469024661102	219.22452256944416	1.5036763452381439	0.024089652691356545	6	20000	0.10931473791266039	7.584382097341651	61f40f0d8b5ef7af	""
s2_weights_trunc	3	0.009379250000165484	0.0011844585	0.013337290999515972	3.609524667000187	5838.549421037947	6895.099916426567	116.46013280955913	149.5427907350845	1.1715936262413482	0.011667757765396969	6	20000	0.12733469692092442	3.7607639563282342	61f40f0d8b5ef7af	""
s2_wiener	5	0.011501625000164495	0.003676417	0.014122707999376871	3.657268082999508	29105.149321464825	29794.04600021689	288.4742458433939	580.8994390484331	1.0033054570253714	0.0246652645599576	6	20000	0.597281028429461	4.267271711003223	61f40f0d8b5ef7af	""
s2_zi_asymlaplace	5	0.012228167000102985	0.0009410835000000001	0.01501025000015943	3.5891553329993258	3330.111892803997	4485.511604324494	63.59443015091415	93.26391699447777	1.2979385407429493	0.017381617921906622	6	20000	0.07977148835618292	3.693875815085975	61f40f0d8b5ef7af	""
s2_zi_beta	4	0.009750374999384803	0.003929833000000001	0.012711125000350876	3.6277995840000585	3873.3239060058595	6108.010800189853	145.58583237581388	98.94197182229027	1.5809672639951322	0.03529111961399822	6	20000	0.091146686119502	3.7626709250042065	61f40f0d8b5ef7af	""
s2_zoi_beta	5	0.010682207999707316	0.0049910415	0.013502583999979834	3.6549488750006276	3851.4813058035716	6141.44143128022	57.823816087467776	185.35087783057133	1.577284297928377	0.07992748597757904	6	20000	0.09270287561577875	3.7912802876262117	61f40f0d8b5ef7af	""
seeds_centered_model	26	0.007741499999610824	0.000524438	0.011951083999520051	3.8414367080004013	642.2911057531883	1541.870246167453	18.771546349004495	11.808245907923265	2.3968115645358106	0.08051644549904102	6	20000	0.02111176011467459	3.8842251969232704	61f40f0d8b5ef7af	""
seeds_model	26	0.008445124999525433	0.0005442915000000001	0.013132625000253029	3.65859754199937	636.5108216890072	1316.7477916476596	7.958833353863156	28.48043855689957	2.0718536934513727	0.05187956383167669	6	20000	0.021719632933305578	3.6980651228325763	61f40f0d8b5ef7af	""
seeds_stanified_model	26	0.007453958000041894	0.00048016650000000003	0.011535875000845408	3.5502268330001243	602.1219355375838	1273.8590209894703	4.051566608523956	35.760297706952315	2.0336755449240282	0.02358884939524586	6	20000	0.01997656321079357	3.587239888420759	61f40f0d8b5ef7af	""
sesame_one_pred_a	3	0.007146416999603389	0.0004475215	0.012148249999881955	2.804210375000366	39.099172154190356	2298.5176745921913	0.2725253747218126	205.67635722307705	58.28529265448479	4.198963103283646	6	20000	0.008375921942687195	2.862328978492092	61f40f0d8b5ef7af	""
sir		0.007828750000044238		0.012335540999629302	4.101900042000125								20000			61f40f0d8b5ef7af	sir/gradient/0/stanli: failed (event 6053)
soil_incubation	6	0.009508875000392436	0.0010598539999999998	0.014238875000046392	3.4335009999995236	31485.80353225806	61317.718505859375	1159.6132219618612	1183.498690518467	2.046889350866036	0.03472953415041391	6	20000	0.6402847996455536	4.674094245116757	61f40f0d8b5ef7af	""
state_space_stochastic_level_stochastic_seasonal	389	0.009106166000492522	0.0030280205	0.013242834000266157	4.878910375000487	5714.906991504709	21352.724043715847	109.76385431772269	428.7203582957136	3.7002167533283243	0.0944668488673619	6	20000	0.1264323263305867	5.31920768987507	61f40f0d8b5ef7af	""
surgical_model	14	0.007278084000063245	0.000415146	0.011929541999961657	3.407642125000166	379.27909641983996	619.1909084487303	8.991536935631842	13.037726905722081	1.6043460231405609	0.018231035545485108	6	20000	0.015278811928460045	3.431955485169102	61f40f0d8b5ef7af	""
sw_acat	4	0.008990042000732501	0.0072815829999999995	0.013192709000577452	3.8665221669998573	47332.44518523084	144005.53243261098	1681.5333390881096	3031.425465518332	3.0161609173303705	0.027307956358656016	6	20000	0.9629205287053493	6.759825524652655	61f40f0d8b5ef7af	""
sw_acat_cs	7	0.009934458999850904	0.0100968335	0.012758791000123892	4.983014667000134	61265.358583257024	167306.87570064058	1540.3264395995539	4038.489393571159	2.7530922701484855	0.08868199705388191	6	20000	1.2453384641649914	8.34191097201307	61f40f0d8b5ef7af	""
sw_ar	4	0.009609667000404443	0.0018421664999999999	0.012421250000443251	4.242333166999742	1545.9053992982124	2839.021630189867	40.973794046083526	91.61745696496496	1.8443746525718137	0.062043869695634246	6	20000	0.04236994148636869	4.311534849603983	61f40f0d8b5ef7af	""
sw_arma	5	0.0113030409993371	0.0026366454999999997	0.01424020800004655	4.319522667000456	2441.6185227913165	3964.3881996029713	2.9446110511894403	88.30941853607669	1.6514072542279132	0.04123778999409877	6	20000	0.06277205695516343	4.413050638992562	61f40f0d8b5ef7af	""
sw_asymlaplace	4	0.010804042000017944	0.0007121040000000001	0.013964583999950264	3.5489578330007134	1963.7436129662299	3344.8316359292003	36.539110825763714	86.68260749016622	1.717760076748835	0.01819869351324155	6	20000	0.050791018259342534	3.6298190497192477	61f40f0d8b5ef7af	""
sw_bernoulli	3	0.007403249999697437	0.00044550000000000004	0.011817583999800263	3.280207709000024	431.64756213907435	499.1745357358359	12.59103334785479	13.204595258413264	1.153454946098833	0.008909372431488594	6	20000	0.01648170124247892	3.302008783714541	61f40f0d8b5ef7af	""
sw_beta	3	0.007934416999887617	0.0006179375	0.011858833000587765	3.8795784589992763	1928.9970572764478	3249.262222707648	35.654485887096826	93.43149728340859	1.6551197657276613	0.04513047713049445	6	20000	0.04713229564541657	3.956422536454017	61f40f0d8b5ef7af	""
sw_binomial	2	0.008023958000194398	0.000524271	0.013495000000148138	3.5333475420002287	1797.67460643797	2422.1495720481644	67.63664399176412	49.439605539843114	1.338373967410465	0.03608928342340301	6	20000	0.04450172112895379	3.59528553344134	61f40f0d8b5ef7af	""
sw_categorical	4	0.010091208999256196	0.0006497709999999999	0.013461667000228772	4.286114500000622	1133.6951514667342	1280.1512278555265	28.578170464847744	39.605350084410475	1.1536591449119673	0.036654348497721534	6	20000	0.03341488302859088	4.325179191557961	61f40f0d8b5ef7af	""
sw_cens		0.010455624999849533		0.013145584000085364	4.126989625000533								20000			61f40f0d8b5ef7af	density/gradient mismatch: scaled error 2.44e-06
sw_cratio	4	0.009652791999542387	0.0142189375	0.012379292000332498	3.6036922909997884	2383.6592228589197	72364.20253560379	83.1166686596514	822.3399915552873	29.119782372392756	0.2399674620777592	6	20000	0.07154491395672077	5.063355633712197	61f40f0d8b5ef7af	""
sw_cratio_cs	7	0.010238333000415878	0.019629665999999997	0.013511999999536783	4.719568790999801	83334.81581041508	98970.10581736127	627.109745547772	1539.9736356842477	1.2368196532719127	0.016199793390391237	6	20000	1.6965643152087173	6.712482907346564	61f40f0d8b5ef7af	""
sw_cumulative	5	0.008317416999489069	0.000840583	0.012606958000105806	3.7608456669995576	22736.048869608232	21610.835376381216	364.67253106141106	154.91835969341446	0.9477162775007565	0.016859555178566743	6	20000	0.46387897739165374	4.205669332527288	61f40f0d8b5ef7af	""
sw_cumulative_cs	7	0.010452333000102954	0.0520317495	0.012857665999945311	4.730525791999753	51753.64636660204	60157.47275946858	541.1475774594401	1108.4099521852877	1.1607207267154769	0.026038679657787056	6	20000	1.0975570098321439	5.94653291318907	61f40f0d8b5ef7af	""
sw_dist_sigma	4	0.010441749999699823	0.0007338545	0.013388416999987385	3.817867292000301	529.9873744419642	1997.3166101723373	9.884990536850125	49.259771050347126	3.6787305486975637	0.08731446527839659	6	20000	0.021775351988539107	3.871202041203735	61f40f0d8b5ef7af	""
sw_exgaussian	4	0.009188624999296735	0.0006179165	0.01284945899988088	3.884059791999789	919.2859260559937	1776.2051630434783	14.72368530708627	22.694217083721583	1.9449543164122942	0.03654595079720013	6	20000	0.02819226002041661	3.9324333542605396	61f40f0d8b5ef7af	""
sw_gamma	3	0.008531125000445172	0.0005477290000000001	0.012963416999809851	3.732522625000456	613.7346700861083	1647.786121065769	20.745751488941778	42.823991668202666	2.6519045463872475	0.0805168576801003	6	20000	0.021353547402167338	3.7784417644215815	61f40f0d8b5ef7af	""
sw_gaussian	4	0.008652833999803988	0.000596166	0.013170458000786311	3.291822250000223	115.12065090093398	393.14350019756114	1.3572372952857137	14.421253104483895	3.3312701753856313	0.034550927167749546	6	20000	0.011551413017822669	3.3128555780049607	61f40f0d8b5ef7af	""
sw_gp	44	0.01140541699987807	0.001286417	0.013989375000164728	7.013068750000457	19951.399664918416	25015.0789167126	407.381951292522	159.96310277664816	1.2440970277672325	0.017499963021066156	6	20000	0.4117198272982464	7.527359703334874	61f40f0d8b5ef7af	""
sw_hurdle_gamma	4	0.01025170800039632	0.003497104	0.013874125000256754	3.550213958000313	1548.7046896523116	3483.9019330158326	50.14223807653184	104.39674357013814	2.242485318903431	0.0720007206200719	6	20000	0.044722905793442555	3.6337661216608867	61f40f0d8b5ef7af	""
sw_hurdle_lognormal	4	0.010093292000419751	0.0034708125	0.013922625000304834	3.5596449170006963	1029.062481535583	2812.2963196582514	26.715366568384752	34.240928981030265	2.7432685057163795	0.052167394360525865	6	20000	0.034145354131131414	3.629813468394166	61f40f0d8b5ef7af	""
sw_hurdle_pois	3	0.009044041000379366	0.0032254585000000002	0.01260737499978859	3.3819477910001297	1645.932974157354	4125.099482088008	55.20540051921273	91.05431847125237	2.5098709627784004	0.04820840599725629	6	20000	0.04518815898352645	3.4770571556416785	61f40f0d8b5ef7af	""
sw_lognormal	3	0.008788916999947105	0.0005828125	0.012817208000342362	3.6793158340005903	108.88132249447746	1084.1542456210263	2.5052699270184036	25.498958235089958	10.082150470524834	0.2194507312975862	6	20000	0.011549355949836655	3.713816126913353	61f40f0d8b5ef7af	""
sw_ma	4	0.009285375000217755	0.001761479	0.012579625000398664	4.226678458000606	1599.952723828392	2833.4170305320595	66.07663937021789	86.43115369068755	1.7554656435068168	0.05406456689219585	6	20000	0.04304590847678559	4.295926423611646	61f40f0d8b5ef7af	""
sw_me	45	0.00928141699932894	0.0012890204999999998	0.012468791999708628	4.127408833000118	839.706558660641	1974.9755049027763	16.770908696220886	66.2643364509496	2.4009284831454334	0.05606618267549379	6	20000	0.027364568672541757	4.179377135097882	61f40f0d8b5ef7af	""
sw_mi	9	0.011805625000306463	0.000856667	0.014005500000166649	3.847896917000071	389.6376175607086	912.5610475842384	9.284879541208625	21.00707823530348	2.375702476386248	0.06425396018974117	6	20000	0.020455044351520634	3.8801536379519224	61f40f0d8b5ef7af	""
sw_mixture	7	0.012137791999521141	0.0015135209999999999	0.013479583999469469	4.757009500000095	5114.71040957221	6729.734383026542	154.1769090170069	207.14554826072617	1.3235171834413495	0.019574651314993807	6	20000	0.11594552119096534	4.905083771660095	61f40f0d8b5ef7af	""
sw_mono	5	0.009754833999977564	0.003767792	0.01324029200077348	3.9825388750005004	600.5798738207175	1999.7680081380208	23.073644485235832	58.54652279268316	3.2717420812569404	0.10455666495966853	6	20000	0.025534223476391914	4.035774527164034	61f40f0d8b5ef7af	""
sw_mv_norescor	6	0.011493582999719365	0.000883958	0.014279708000685787	3.4529727920007645	204.7118088213728	760.7099260548806	4.567857604818471	24.93995281380927	3.690647199033255	0.09428595003587281	6	20000	0.016471777176146823	3.482466698522548	61f40f0d8b5ef7af	""
sw_mv_rescor	7	0.012494333999711671	0.0013152915	0.013655666999511595	6.151286457999959	5646.10959075218	6774.198875517141	118.73530505952385	193.46602553545608	1.1779173204545392	0.03977988613664807	6	20000	0.12673181731475527	6.300426102509813	61f40f0d8b5ef7af	""
sw_negbinomial	4	0.008139832999404462	0.0005376039999999999	0.01281887499953882	3.3546870829995896	1612.5284805786662	1689.9572827655975	33.33257435321502	53.19797758623304	1.0657701436311728	0.03972094161502193	6	20000	0.040928006610977785	3.4013051036544404	61f40f0d8b5ef7af	""
sw_nonlinear	3	0.008844833000694052	0.000679021	0.0124803749995408	3.861472457999298	412.92337894655986	2238.6952344678566	9.076058056071957	23.664770802401335	5.431233639696442	0.1685276264563691	6	20000	0.01778232157962525	3.918726737688196	61f40f0d8b5ef7af	""
sw_poisson	3	0.007870292000006884	0.00048258350000000003	0.012886208000054467	3.1067727500003457	568.8291820174553	675.0171303090469	12.422448404386955	6.397577619602373	1.178849742818406	0.04737890622816321	6	20000	0.01972945914035599	3.133159300606581	61f40f0d8b5ef7af	""
sw_re_bern	8	0.010390708000159066	0.001150292	0.013839915999596997	4.659210916999655	959.2994041442871	1480.6790574763543	19.71589274621391	19.261793254005966	1.5534508010657921	0.02938299938293798	6	20000	0.030726988083044807	4.702664414148779	61f40f0d8b5ef7af	""
sw_re_gauss	9	0.010080500000185566	0.001281375	0.013114790999679826	4.556710915999247	749.3508541852532	1347.2722815897514	19.085806791495486	24.839451569301673	1.830583139736155	0.05592400855051105	6	20000	0.02634889208389063	4.596771152630722	61f40f0d8b5ef7af	""
sw_re_negbin	9	0.010974542000440124	0.001212875	0.013761375000285625	4.751864249999926	2084.118047706117	2665.3305713255604	53.534229781693284	57.77377240255055	1.3145720348880312	0.031002218814939253	6	20000	0.05386977795456247	4.818932236426723	61f40f0d8b5ef7af	""
sw_re_pois	8	0.009856833999947412	0.001270917	0.012803624999833119	4.484779125000387	1046.9399094012606	1594.2192573051948	28.003385183812725	15.010088936415855	1.5088774440155013	0.04025805393856807	6	20000	0.03206654918797262	4.529467135146324	61f40f0d8b5ef7af	""
sw_re_slope	16	0.013189915999646473	0.001993896	0.014806999999564141	6.756592916000045	1764.8254490570007	2373.9992547171096	17.960400441171714	51.975950365084145	1.3364508724347053	0.028234639391159	6	20000	0.050480320980786496	6.818879901093951	61f40f0d8b5ef7af	""
sw_se	2	0.00801324999974895	0.000543875	0.012053833999743802	3.4950990840006853	277.3481535759134	947.1590628296365	7.035421674258146	21.222257886388263	3.3979407814383786	0.09210288835383706	6	20000	0.014104088071267217	3.5260960992570216	61f40f0d8b5ef7af	""
sw_skewnormal	4	0.009753207999892766	0.0014299784999999999	0.013536958999793569	3.959750666000218	1337.4841495855735	2123.021482996298	36.18916945769763	85.26565587660843	1.56584489313108	0.032974640457739235	6	20000	0.03793286949160424	4.015748054659937	61f40f0d8b5ef7af	""
sw_spline_s	12	0.010567709000497416	0.0008066045	0.013906375000260596	4.454693375000716	470.0847273215478	1782.0804076502563	10.051594373244171	36.5466141958085	3.789712169763198	0.1612046010381789	6	20000	0.020776008046928373	4.5042413581539815	61f40f0d8b5ef7af	""
sw_spline_t2	29	0.012592749999384978	0.0012433125	0.01430570800039277	4.878830707999441	876.3841186193333	2964.631386397343	14.686189893265862	75.09516088154419	3.337730379779363	0.07812909913924959	6	20000	0.03136374487177165	4.952429043727781	61f40f0d8b5ef7af	""
sw_sratio	4	0.010245957999359234	0.0128049995	0.013484625000273809	3.6389587080002457	2458.8099629004396	72661.75999335077	25.251699337821947	4034.688478339296	29.404535422962418	1.3138392224385953	6	20000	0.07222715675736803	5.105678532867535	61f40f0d8b5ef7af	""
sw_student	5	0.008626625000033528	0.000675187	0.012480915999731224	3.8315414580001743	472.9666585795994	1341.6052417652027	9.631606862061005	31.81384003342589	2.840314289626148	0.05071263430458095	6	20000	0.018761145171625516	3.8708544788352097	61f40f0d8b5ef7af	""
sw_trunc	3	0.009220625000125438	0.0010671460000000002	0.013123666999490524	3.562064959000054	5741.827151393726	6290.806440304487	61.00429713911444	157.06593211128893	1.0955367877336193	0.008817303328599757	6	20000	0.12512431402799998	3.701004754805634	61f40f0d8b5ef7af	""
sw_vonmises	3	0.008647165999718709	0.00063375	0.013504958000339684	3.678144833999795	672.5760659018715	1510.2723202589082	14.853416650266752	46.30902482132353	2.263219627340048	0.06413673653528695	6	20000	0.02273243731775614	3.721855238405313	61f40f0d8b5ef7af	""
sw_weibull	3	0.008661750000101165	0.0005786245	0.012980999999854248	3.8788170420002643	1886.0799128605768	2857.941326297515	51.43191024377063	43.84736039485847	1.4842187847079242	0.037331588177426545	6	20000	0.0469619727573127	3.9489568685260688	61f40f0d8b5ef7af	""
sw_weights	3	0.008511958999406488	0.0007714165	0.012059499999850232	3.4864315830000123	508.3840533800361	1771.5633111021452	9.952130278279895	67.4690217416047	3.4075629798408356	0.01789688237693543	6	20000	0.01945105656700721	3.5339223492219056	61f40f0d8b5ef7af	""
sw_zi_binomial	3	0.009449916000448866	0.003240125	0.013618708000649349	3.395053082999766	2034.1278678031154	3613.016064187176	50.57004906627776	35.49090970532575	1.7647326167448456	0.03660851954015887	6	20000	0.053372598356511175	3.480932112284159	61f40f0d8b5ef7af	""
sw_zi_negbin	4	0.010568624999905296	0.0034861665000000003	0.01443258400013292	3.4534784579991538	2981.545524557696	4674.00430168105	14.46578569604958	35.02026416935678	1.5767444836910398	0.012439726691085506	6	20000	0.07368570199105921	3.561391128032908	61f40f0d8b5ef7af	""
sw_zi_poisson	3	0.009123959000135073	0.003082125	0.013119707999976526	3.3797091670003283	1085.944223192203	2331.340105036218	47.764961718914265	49.48055522707341	2.160980706353494	0.07406318631609121	6	20000	0.03392496846397913	3.439455677101029	61f40f0d8b5ef7af	""
wells_daae_c_model	6	0.007511958000577579	0.0014821255	0.011769041999286856	3.3711284999999407	20372.11271158854	21569.899381868134	246.37848145091812	233.8528438254816	1.0168159097742222	0.034493165234336765	6	20000	0.4164363377323484	3.81429552963659	61f40f0d8b5ef7af	""
wells_dae_c_model	5	0.007669791999433073	0.0015503539999999999	0.011815249999926891	3.353005332999601	19182.350194303435	19280.043630361914	539.2260272035528	371.5809493572924	1.0025445365168941	0.03161944901241859	6	20000	0.39286714988550175	3.750421455606766	61f40f0d8b5ef7af	""
wells_dae_inter_model	7	0.007935167000141519	0.0016835625000000002	0.012744874999953026	3.3265295830005925	20744.069170551917	21291.714419157608	431.6000341013423	175.5441693210778	1.0225061541002773	0.02534166626017892	6	20000	0.4245001129111799	3.7651087463836976	61f40f0d8b5ef7af	""
wells_dae_model	4	0.007506791999730922	0.0013417085	0.012424999999893771	3.2165322079999896	20443.63506850244	19993.428791377046	324.41188788659747	460.6664806355293	1.0069248651732385	0.03150956307395425	6	20000	0.41772120186977973	3.6288257838274243	61f40f0d8b5ef7af	""
wells_dist	2	0.0066882500004794565	0.0017518335000000001	0.011748750000151631	2.957414499999686	22581.559265039374	40767.41373190141	794.6990740934325	1124.028608859444	1.820564922701228	0.03225011992419147	6	20000	0.4600712688012669	3.7845115246378658	61f40f0d8b5ef7af	""
wells_dist100_model	2	0.007156832999498874	0.0013614795	0.01238095799999428	3.1914085420003175	16656.922522256333	17743.285217685123	396.4998908593752	580.0986601927561	1.0539021540645812	0.013859856623371192	6	20000	0.3416567629446255	3.5586552043540145	61f40f0d8b5ef7af	""
wells_dist100ars_model	3	0.007325374999709311	0.0014190420000000001	0.012504124999395572	3.1969350409999606	18215.957111642212	19047.099771433117	585.3762509880671	554.5187405853303	1.043842970335645	0.009945328854107816	6	20000	0.3730635592325535	3.5903811614280183	61f40f0d8b5ef7af	""
wells_interaction_c_model	4	0.0069664170005125925	0.0014909164999999999	0.01178470800005016	3.290865665999263	20774.944973619673	20095.1871137308	502.9751661850223	397.3550081232497	0.9655641030900484	0.017943118244019896	6	20000	0.423956232972906	3.704554116273929	61f40f0d8b5ef7af	""
wells_interaction_model	4	0.007294541999726789	0.0013205629999999999	0.011538000000655302	3.2565637500001685	20129.659134615384	20123.170671837826	340.3778778465912	320.5722329029868	1.0229918804770803	0.00579227483402911	6	20000	0.41120828769203444	3.67056516343758	61f40f0d8b5ef7af	""
